-7.21,0.0
-5.8,0.0
-4.4,0.0
-2.99,0.0
-1.59,0.0
-0.18,0.0
1.22,0.0
2.63,0.0
-0.17,0.0
-0.51,0.0
-0.57,0.0
-0.57,0.0
-0.77,0.0
-1.35,49.0
-2.05,159.75
-2.6,250.8
-3.0,336.25
-3.03,348.8
-2.82,311.35
-2.57,218.9
-2.79,34.45
-3.58,1.95
-4.83,0.0
-6.26,0.0
-8.01,0.0
-8.53,0.0
-9.2,0.0
-9.65,0.0
-9.8,0.0
-9.92,0.0
-10.16,0.0
-9.92,0.0
-9.67,0.0
-9.88,0.0
-9.6,0.0
-7.86,0.0
-7.22,0.0
-8.18,56.1
-8.39,175.35
-6.12,272.7
-4.31,356.7
-4.19,369.25
-2.84,318.45
-1.6,217.45
-1.78,34.85
-2.69,2.2
-3.72,0.0
-4.41,0.0
-4.95,0.0
-5.36,0.0
-5.97,0.0
-6.61,0.0
-6.88,0.0
-7.25,0.0
-7.21,0.0
-6.12,0.0
-5.44,0.0
-5.06,0.0
-4.32,0.0
-3.67,0.0
-3.1,0.0
-2.55,22.1
-1.8,40.5
-1.04,60.2
-0.41,57.9
0.0,43.4
0.29,40.15
0.71,26.9
0.72,12.0
0.7,0.7
0.72,0.0
0.76,0.0
0.8,0.0
0.77,0.0
0.69,0.0
0.54,0.0
0.33,0.0
0.11,0.0
-0.1,0.0
0.12,0.0
0.01,0.0
-0.14,0.0
-0.3,0.0
-0.42,0.0
-0.49,0.0
-0.51,23.45
-0.39,42.45
-0.21,98.2
0.28,93.0
0.61,81.3
1.29,149.55
2.16,153.85
2.24,41.4
1.7,2.8
0.8,0.0
0.19,0.0
-0.77,0.0
-1.71,0.0
-2.73,0.0
-3.78,0.0
-4.73,0.0
-5.63,0.0
-6.25,0.0
-6.82,0.0
-7.07,0.0
-7.09,0.0
-6.95,0.0
-7.27,0.0
-8.0,0.0
-8.91,47.7
-9.39,230.15
-9.43,340.8
-9.08,380.05
-8.41,383.25
-7.67,287.3
-6.51,215.45
-6.17,45.5
-6.48,3.25
-7.25,0.0
-7.89,0.0
-8.2,0.0
-8.63,0.0
-8.94,0.0
-9.15,0.0
-9.44,0.0
-10.15,0.0
-11.32,0.0
-11.16,0.0
-11.75,0.0
-12.77,0.0
-14.02,0.0
-15.04,0.0
-15.94,0.0
-16.58,39.3
-15.56,233.55
-13.81,324.2
-12.3,371.9
-11.39,378.2
-10.13,320.1
-9.19,211.65
-9.64,38.35
-8.91,3.45
-9.74,0.0
-12.3,0.0
-14.09,0.0
-14.58,0.0
-12.93,0.0
-13.18,0.0
-13.7,0.0
-14.1,0.0
-14.62,0.0
-16.06,0.0
-16.45,0.0
-17.18,0.0
-17.9,0.0
-18.71,0.0
-19.21,0.0
-19.66,49.35
-20.05,160.95
-18.85,206.95
-17.8,318.4
-16.51,340.1
-15.61,325.4
-13.73,239.15
-14.3,47.05
-15.5,4.5
-17.01,0.0
-18.42,0.0
-18.89,0.0
-19.7,0.0
-20.86,0.0
-21.65,0.0
-22.32,0.0
-22.9,0.0
-23.48,0.0
-23.77,0.0
-23.71,0.0
-23.22,0.0
-22.47,0.0
-22.71,0.0
-22.52,0.0
-22.29,59.35
-22.02,190.75
-20.57,264.35
-19.22,314.05
-17.91,317.15
-16.9,264.1
-14.99,193.15
-14.74,65.85
-15.0,5.0
-15.05,0.0
-14.56,0.0
-15.07,0.0
-16.26,0.0
-17.41,0.0
-18.41,0.0
-19.11,0.0
-19.75,0.0
-20.5,0.0
-21.1,0.0
-21.88,0.0
-22.7,0.0
-23.61,0.0
-23.52,0.0
-21.51,0.0
-23.23,42.2
-22.71,228.65
-20.94,286.6
-18.85,300.3
-15.92,277.75
-13.89,221.35
-11.97,166.35
-11.02,69.65
-10.62,5.4
-10.42,0.0
-9.93,0.0
-9.45,0.0
-9.02,0.0
-8.59,0.0
-8.75,0.0
-9.34,0.0
-9.61,0.0
-9.78,0.0
-9.71,0.0
-9.95,0.0
-10.02,0.0
-10.22,0.0
-10.34,0.0
-10.61,0.0
-10.34,66.15
-9.43,173.3
-8.03,239.2
-6.6,289.6
-5.27,296.35
-4.15,236.25
-3.24,131.4
-2.98,37.3
-2.82,2.35
-2.52,0.0
-2.17,0.0
-1.66,0.0
-1.16,0.0
-0.68,0.0
-0.13,0.0
0.5,0.0
1.03,0.0
1.2,0.0
1.57,0.0
1.59,0.0
1.9,0.0
3.12,0.0
4.22,0.0
4.16,0.0
3.59,41.85
3.16,120.1
2.99,196.8
3.13,320.75
3.25,385.05
3.34,347.35
4.11,254.15
3.78,46.2
2.91,5.45
1.76,0.0
0.68,0.0
0.43,0.0
1.82,0.0
2.49,0.0
3.02,0.0
3.48,0.0
3.77,0.0
3.66,0.0
3.75,0.0
4.04,0.0
4.31,0.0
4.34,0.0
4.44,0.0
4.43,0.0
4.5,8.3
4.68,20.45
4.98,50.75
5.43,51.65
5.64,53.4
5.47,25.7
3.68,28.05
3.55,13.5
3.35,1.45
3.0,0.0
2.73,0.0
2.34,0.0
1.81,0.0
1.36,0.0
0.96,0.0
0.41,0.0
-0.27,0.0
-0.81,0.0
-1.18,0.0
-2.14,0.0
-3.25,0.0
-3.85,0.0
-4.1,0.0
-4.02,0.0
-4.6,48.1
-5.26,211.8
-5.6,273.15
-5.89,335.75
-6.39,380.55
-7.18,344.0
-7.52,243.8
-8.39,48.0
-9.36,6.25
-10.44,0.0
-11.36,0.0
-12.19,0.0
-13.04,0.0
-13.79,0.0
-14.44,0.0
-15.07,0.0
-15.71,0.0
-16.36,0.0
-17.27,0.0
-18.2,0.0
-18.13,0.0
-17.16,0.0
-16.73,0.0
-16.87,0.0
-16.94,38.82
-16.51,253.2
-15.05,359.95
-14.09,409.6
-12.68,381.15
-10.76,288.85
-10.66,212.65
-10.22,72.5
-10.18,8.6
-10.09,0.0
-10.61,0.0
-11.11,0.0
-10.91,0.0
-11.58,0.0
-12.49,0.0
-11.95,0.0
-10.46,0.0
-9.75,0.0
-8.8,0.0
-8.98,0.0
-9.15,0.0
-9.5,0.0
-10.14,0.0
-10.64,0.0
-11.27,35.3
-10.79,229.0
-10.33,317.65
-10.0,358.9
-9.64,376.15
-9.17,370.8
-8.44,268.55
-8.34,42.05
-9.22,7.15
-8.73,0.0
-8.92,0.0
-9.24,0.0
-9.58,0.0
-10.12,0.0
-10.97,0.0
-13.44,0.0
-13.35,0.0
-13.77,0.0
-14.19,0.0
-14.33,0.0
-14.2,0.0
-13.73,0.0
-12.89,0.0
-11.68,0.0
-9.92,51.85
-7.13,224.75
-4.24,336.95
-1.89,405.2
-0.06,394.05
1.07,346.75
1.88,256.45
1.98,44.2
1.49,7.35
0.48,0.0
-0.26,0.0
-1.04,0.0
-1.56,0.0
-2.1,0.0
-2.63,0.0
-2.93,0.0
-3.35,0.0
-3.67,0.0
-4.14,0.0
-4.76,0.0
-5.45,0.0
-6.39,0.0
-7.06,0.0
-7.86,0.0
-8.02,47.8
-6.75,237.6
-4.26,334.5
-3.27,392.2
-2.55,383.05
-2.19,319.9
-1.26,189.5
-1.59,77.7
-2.14,9.95
-2.69,0.0
-2.94,0.0
-2.87,0.0
-2.72,0.0
-2.48,0.0
-2.24,0.0
-1.92,0.0
-1.49,0.0
-1.2,0.0
-0.64,0.0
-0.49,0.0
-0.48,0.0
-0.55,0.0
-0.61,0.0
-0.71,0.0
-0.73,24.5
-0.45,61.65
0.06,81.15
0.49,61.45
0.62,102.15
0.98,77.9
0.75,47.45
0.77,21.55
0.63,2.55
0.48,0.0
0.56,0.0
0.6,0.0
0.57,0.0
0.42,0.0
0.29,0.0
0.02,0.0
-0.26,0.0
-0.33,0.0
-1.08,0.0
-1.01,0.0
-0.93,0.0
-0.78,0.0
-0.73,0.0
-0.56,0.0
-0.45,31.3
-0.09,103.85
0.64,170.0
1.42,216.45
2.03,254.1
2.59,176.15
2.63,120.8
2.49,52.6
1.94,7.95
1.39,0.0
1.16,0.0
0.77,0.0
0.58,0.0
0.47,0.0
0.22,0.0
0.07,0.0
-0.38,0.0
-1.03,0.0
-1.71,0.0
-2.03,0.0
-1.98,0.0
-1.56,0.0
-1.35,0.0
-1.54,0.0
-1.96,40.8
-0.65,177.9
0.94,220.8
1.67,242.05
2.23,272.5
2.64,213.0
2.26,168.25
2.35,53.95
1.7,8.25
1.07,0.0
-0.22,0.0
-1.14,0.0
-1.83,0.0
-2.8,0.0
-3.5,0.0
-3.37,0.0
-2.95,0.0
-2.9,0.0
-2.21,0.0
-2.06,0.0
-1.75,0.0
-1.6,0.0
-2.03,0.0
-2.17,0.0
-2.11,21.65
-1.55,72.7
-0.59,85.4
0.08,89.2
0.42,78.5
0.77,76.05
1.15,60.95
1.57,22.1
0.75,3.0
0.67,0.0
0.71,0.0
0.62,0.0
0.75,0.0
0.69,0.0
0.72,0.0
0.51,0.0
0.2,0.0
-0.27,0.0
-0.36,0.0
-0.42,0.0
-0.49,0.0
-0.61,0.0
-0.83,0.0
-0.7,0.0
-0.75,36.95
0.01,160.65
0.89,249.95
1.52,290.15
2.01,221.95
2.27,165.85
1.87,107.05
1.86,47.2
1.57,10.3
1.13,0.0
0.52,0.0
-0.25,0.0
-1.1,0.0
-1.62,0.0
-1.97,0.0
-2.17,0.0
-2.04,0.0
-2.1,0.0
-1.22,0.0
-1.09,0.0
-1.01,0.0
-1.04,0.0
-1.2,0.0
-1.5,0.0
-1.8,36.55
-1.53,173.0
-1.11,320.75
-0.29,413.5
0.63,408.8
1.35,313.1
0.41,250.75
0.23,127.55
-0.48,14.75
-1.46,0.0
-2.3,0.0
-3.0,0.0
-3.41,0.0
-3.92,0.0
-4.24,0.0
-4.63,0.0
-4.62,0.0
-4.66,0.0
-4.59,0.0
-4.44,0.0
-4.34,0.0
-4.07,0.0
-3.79,0.0
-3.65,0.0
-3.59,20.1
-3.58,42.4
-3.45,70.05
-3.33,61.05
-3.42,65.7
-3.58,101.3
-3.18,48.6
-3.3,30.05
-3.22,6.05
-3.03,0.0
-2.8,0.0
-2.63,0.0
-2.45,0.0
-2.34,0.0
-2.24,0.0
-2.19,0.0
-2.18,0.0
-2.19,0.0
-1.85,0.0
-1.8,0.0
-1.83,0.0
-1.84,0.0
-1.87,0.0
-1.93,0.0
-1.95,24.6
-1.87,49.75
-1.8,92.65
-1.47,153.35
-0.98,202.55
-0.42,212.5
-0.52,173.5
-0.34,78.9
-0.54,12.75
-0.94,0.0
-1.1,0.0
-1.22,0.0
-1.35,0.0
-1.35,0.0
-1.45,0.0
-1.12,0.0
-0.81,0.0
-0.83,0.0
-0.47,0.0
-0.26,0.0
-0.14,0.0
-0.12,0.0
-0.1,0.0
-0.07,0.0
0.06,36.25
0.36,94.45
0.79,96.85
0.97,112.55
1.09,129.0
1.15,164.05
1.31,78.85
1.0,93.05
0.68,16.6
0.02,0.0
-0.44,0.0
-0.76,0.0
-0.97,0.0
-1.1,0.0
-1.16,0.0
-1.24,0.0
-1.36,0.0
-1.55,0.0
-0.52,0.0
-0.83,0.0
-1.01,0.0
-1.41,0.0
-1.62,0.0
-1.87,0.0
-2.14,57.5
-2.12,171.5
-1.83,222.7
-1.55,241.45
-1.2,233.1
-0.86,211.55
-0.19,128.3
-0.43,82.8
-0.78,14.2
-1.37,0.0
-1.83,0.0
-2.12,0.0
-2.34,0.0
-2.47,0.0
-2.67,0.0
-2.83,0.0
-3.04,0.0
-3.36,0.0
-3.32,0.0
-3.6,0.0
-3.9,0.0
-4.21,0.0
-4.61,0.0
-4.97,0.0
-5.16,63.95
-4.63,222.8
-4.03,268.25
-3.41,307.45
-2.63,287.1
-1.88,240.1
0.39,218.75
0.69,105.65
0.38,20.75
-0.32,0.0
-0.88,0.0
-1.0,0.0
-1.15,0.0
-1.36,0.0
-1.87,0.0
-2.14,0.0
-2.19,0.0
-2.07,0.0
-1.62,0.0
-1.7,0.0
-1.78,0.0
-1.87,0.0
-2.02,0.0
-2.3,0.0
-2.53,60.8
-2.21,218.9
-1.77,335.65
-1.12,415.4
-0.54,356.35
-0.48,319.3
-0.51,243.0
-0.92,132.4
-1.5,18.35
-2.55,0.0
-3.4,0.0
-4.18,0.0
-4.73,0.0
-5.67,0.0
-6.49,0.0
-7.55,0.0
-9.01,0.0
-10.48,0.0
-10.31,0.0
-10.34,0.0
-10.59,0.0
-10.36,0.0
-10.57,0.0
-10.83,0.0
-11.07,58.6
-10.62,205.8
-9.96,304.7
-9.21,390.65
-8.4,395.15
-7.95,334.1
-8.29,211.15
-8.39,111.55
-8.69,18.35
-9.35,0.0
-9.95,0.0
-10.58,0.0
-11.24,0.0
-11.78,0.0
-12.34,0.0
-12.93,0.0
-13.53,0.0
-14.23,0.0
-14.84,0.0
-15.36,0.0
-16.13,0.0
-16.91,0.0
-17.07,0.0
-16.62,0.0
-15.39,42.5
-13.67,301.6
-11.8,417.15
-7.33,481.65
-8.18,487.65
-9.03,436.95
-9.88,335.55
-10.73,193.35
-11.58,16.9
-12.43,0.0
-13.28,0.0
-14.13,0.0
-14.98,0.0
-15.83,0.0
-16.68,0.0
-17.53,0.0
-18.38,0.0
-19.24,0.0
-20.09,0.0
-19.89,0.0
-20.2,0.0
-20.39,0.0
-20.52,0.0
-20.69,0.0
-20.73,53.7
-19.33,304.5
-16.4,402.25
-12.63,469.3
-8.98,496.15
-6.44,431.45
-4.48,325.0
-3.63,181.0
-3.54,27.25
-3.9,0.0
-3.96,0.0
-3.64,0.0
-3.37,0.0
-3.29,0.0
-3.32,0.0
-3.27,0.0
-3.2,0.0
-3.2,0.0
-2.73,0.0
-2.79,0.0
-2.72,0.0
-2.43,0.0
-2.2,0.0
-2.05,0.0
-1.86,68.15
-1.27,216.95
-0.33,342.25
0.81,451.75
1.76,449.7
2.35,416.5
3.19,333.35
3.32,171.0
3.02,29.65
2.86,0.0
2.74,0.0
2.67,0.0
2.65,0.0
2.62,0.0
2.47,0.0
2.22,0.0
1.98,0.0
1.83,0.0
1.38,0.0
0.96,0.0
0.73,0.0
0.62,0.0
0.54,0.0
0.46,0.0
0.32,49.25
-0.12,118.1
-0.68,199.0
-1.01,295.15
-0.98,241.1
-1.16,199.65
-3.31,130.35
-3.94,61.8
-4.72,19.55
-5.53,0.0
-6.32,0.0
-7.02,0.0
-7.81,0.0
-8.51,0.0
-9.17,0.0
-9.72,0.0
-10.19,0.0
-10.61,0.0
-11.56,0.0
-11.85,0.0
-12.09,0.0
-12.31,0.0
-12.52,0.0
-12.63,0.0
-12.66,60.15
-12.6,152.7
-12.21,260.65
-11.64,339.25
-10.87,359.95
-10.33,271.9
-11.36,213.65
-11.09,65.6
-11.17,26.65
-11.32,0.0
-11.54,0.0
-11.83,0.0
-12.29,0.0
-12.58,0.0
-12.86,0.0
-13.07,0.0
-13.37,0.0
-13.74,0.0
-13.85,0.0
-14.16,0.0
-14.59,0.0
-14.98,0.0
-15.71,0.0
-16.13,0.0
-16.22,154.4
-15.56,294.4
-15.1,445.85
-14.44,525.85
-13.74,531.05
-13.13,480.55
-12.2,386.1
-12.07,235.4
-12.62,24.4
-13.69,0.05
-14.84,0.0
-15.85,0.0
-16.67,0.0
-17.55,0.0
-18.51,0.0
-19.67,0.0
-20.88,0.0
-21.06,0.0
-20.11,0.0
-19.72,0.0
-21.02,0.0
-23.38,0.0
-24.14,0.0
-24.77,0.0
-24.8,156.95
-22.66,261.35
-19.26,336.15
-16.24,410.1
-14.08,433.3
-12.48,423.35
-10.79,285.0
-9.81,124.45
-9.01,28.9
-8.39,0.05
-7.88,0.0
-7.51,0.0
-7.26,0.0
-7.1,0.0
-7.01,0.0
-7.07,0.0
-6.93,0.0
-6.89,0.0
-7.04,0.0
-7.13,0.0
-7.26,0.0
-7.71,0.0
-8.28,0.0
-8.78,0.0
-8.3,117.8
-7.26,226.7
-6.08,323.6
-4.84,398.95
-3.63,407.65
-2.64,393.0
-1.81,296.3
-1.61,175.3
-1.86,43.5
-2.71,0.15
-3.53,0.0
-4.1,0.0
-4.53,0.0
-5.21,0.0
-6.09,0.0
-7.24,0.0
-8.11,0.0
-9.11,0.0
-9.87,0.0
-10.14,0.0
-10.32,0.0
-10.17,0.0
-9.69,0.0
-9.48,0.0
-9.05,118.45
-8.43,218.2
-6.85,325.0
-4.8,373.75
-3.38,323.35
-2.49,294.5
-2.01,194.35
-1.63,121.25
-1.55,29.1
-1.93,0.25
-2.3,0.0
-2.28,0.0
-2.2,0.0
-2.44,0.0
-2.69,0.0
-3.25,0.0
-3.81,0.0
-4.33,0.0
-4.93,0.0
-5.86,0.0
-6.65,0.0
-7.28,0.0
-7.99,0.0
-8.74,0.0
-9.31,197.0
-8.67,342.7
-6.93,444.05
-4.54,504.2
-2.76,519.55
-1.55,447.0
-0.19,337.75
0.4,205.6
0.49,43.75
0.09,0.45
0.25,0.0
0.57,0.0
0.96,0.0
1.33,0.0
1.49,0.0
1.34,0.0
1.15,0.0
1.06,0.0
1.34,0.0
1.08,0.0
0.77,0.0
0.82,0.0
0.85,0.0
0.96,0.0
1.08,128.15
1.62,216.55
2.28,272.45
3.02,298.85
3.38,423.55
3.66,406.8
3.74,296.0
3.38,161.0
2.74,38.0
2.12,0.7
1.42,0.0
1.09,0.0
0.56,0.0
0.16,0.0
-0.29,0.0
-0.64,0.0
-0.88,0.0
-1.22,0.0
-1.16,0.0
-1.29,0.0
-1.85,0.0
-1.92,0.0
-1.99,0.0
-2.29,0.0
-2.23,120.75
-1.03,218.5
-0.05,342.4
0.76,332.85
1.32,334.85
1.97,236.5
2.91,147.55
3.02,70.35
3.06,23.6
3.14,0.45
3.27,0.0
3.38,0.0
3.35,0.0
3.27,0.0
3.09,0.0
2.95,0.0
2.92,0.0
3.0,0.0
2.63,0.0
2.52,0.0
2.35,0.0
2.21,0.0
2.11,0.0
2.11,0.0
2.24,98.4
2.51,137.4
2.72,200.15
3.09,238.35
3.07,343.0
2.86,337.85
0.5,312.45
-1.84,206.2
-4.15,40.85
-6.09,1.25
-7.84,0.0
-9.29,0.0
-10.48,0.0
-11.55,0.0
-12.59,0.0
-13.65,0.0
-14.57,0.0
-15.4,0.0
-15.66,0.0
-16.54,0.0
-17.43,0.0
-18.18,0.0
-19.11,0.0
-19.93,0.0
-20.1,221.1
-19.47,380.45
-18.56,489.15
-17.47,545.2
-16.33,524.5
-15.34,484.35
-14.93,380.25
-14.55,251.2
-14.55,38.95
-15.29,1.5
-17.08,0.0
-17.67,0.0
-16.74,0.0
-18.54,0.0
-20.61,0.0
-21.13,0.0
-21.47,0.0
-21.59,0.0
-20.83,0.0
-21.22,0.0
-21.62,0.0
-21.48,0.0
-21.54,0.0
-21.43,0.0
-20.89,168.85
-19.73,337.0
-17.52,475.55
-16.19,559.9
-15.15,579.4
-14.31,530.1
-13.28,422.1
-12.76,247.05
-12.73,37.1
-13.46,1.85
-14.55,0.0
-15.26,0.0
-15.94,0.0
-16.61,0.0
-17.11,0.0
-17.56,0.0
-17.91,0.0
-18.15,0.0
-18.13,0.0
-18.0,0.0
-17.84,0.0
-17.72,0.0
-17.86,0.0
-17.74,0.0
-16.91,153.5
-15.41,298.3
-13.95,433.95
-12.31,526.5
-11.19,581.65
-10.18,530.9
-8.91,410.2
-8.59,263.35
-8.77,36.85
-9.74,2.05
-11.46,0.0
-13.3,0.0
-13.46,0.0
-12.79,0.0
-13.61,0.0
-16.17,0.0
-18.84,0.0
-19.57,0.0
-19.77,0.0
-19.16,0.0
-17.59,0.0
-15.7,0.0
-13.57,0.0
-11.76,0.0
-9.85,99.05
-7.8,235.7
-5.9,306.05
-4.24,395.8
-2.46,446.0
-0.45,429.65
1.76,304.0
2.7,161.55
3.01,56.85
2.97,2.8
2.79,0.0
3.0,0.0
3.43,0.0
3.82,0.0
4.04,0.0
4.06,0.0
3.97,0.0
3.96,0.0
4.8,0.0
4.99,0.0
4.76,0.0
4.42,0.0
4.23,0.0
4.22,6.45
4.58,29.6
4.92,56.7
5.26,61.25
5.36,78.7
5.6,123.6
6.21,76.0
6.48,38.35
5.53,30.4
4.3,9.85
3.47,0.35
3.04,0.0
2.83,0.0
2.24,0.0
1.25,0.0
0.47,0.0
-0.1,0.0
-0.66,0.0
-1.35,0.0
-3.31,0.0
-4.43,0.0
-5.7,0.0
-6.35,0.0
-6.95,0.0
-7.58,25.8
-8.0,97.45
-8.2,214.45
-8.29,460.05
-8.1,535.8
-8.03,551.9
-8.1,525.4
-9.21,442.05
-9.46,294.55
-10.01,45.0
-11.01,3.6
-12.17,0.0
-13.32,0.0
-14.45,0.0
-15.61,0.0
-16.77,0.0
-16.81,0.0
-17.71,0.0
-20.74,0.0
-20.0,0.0
-18.78,0.0
-16.7,0.0
-14.86,0.0
-13.05,0.0
-11.48,21.45
-9.77,83.85
-7.9,158.25
-6.01,310.7
-4.23,456.95
-2.71,427.5
-2.2,410.15
-2.81,371.45
-3.15,237.45
-3.92,64.25
-5.49,4.65
-7.49,0.0
-9.05,0.0
-10.34,0.0
-11.4,0.0
-12.31,0.0
-13.15,0.0
-13.96,0.0
-14.74,0.0
-15.49,0.0
-16.33,0.0
-17.12,0.0
-18.03,0.0
-18.99,0.0
-19.63,29.35
-19.78,237.15
-17.89,363.45
-15.07,483.05
-12.71,450.75
-10.71,397.5
-8.95,291.5
-7.55,211.5
-6.2,162.1
-4.86,62.25
-4.03,4.9
-3.65,0.0
-3.44,0.0
-2.99,0.0
-1.92,0.0
-0.46,0.0
1.41,0.0
2.17,0.0
2.41,0.0
2.43,0.0
2.22,0.0
2.18,0.0
1.9,0.0
1.49,0.0
0.85,28.75
0.45,140.2
0.51,220.3
0.09,319.05
-0.14,387.4
-0.16,355.45
-0.3,314.45
0.49,248.35
-0.09,154.4
-1.09,50.25
-2.36,2.75
-3.72,0.0
-4.88,0.0
-5.94,0.0
-6.91,0.0
-7.75,0.0
-8.35,0.0
-8.73,0.0
-8.88,0.0
-8.94,0.0
-8.8,0.0
-8.58,0.0
-8.29,0.0
-8.05,0.0
-7.93,28.0
-7.47,105.95
-6.8,179.35
-5.66,312.4
-4.07,450.5
-1.77,474.35
0.32,381.8
0.01,239.15
0.67,82.05
0.33,21.65
0.8,1.4
1.67,0.0
2.47,0.0
2.87,0.0
2.97,0.0
2.93,0.0
3.05,0.0
3.79,0.0
4.82,0.0
5.2,0.0
6.49,0.0
6.54,0.0
6.03,0.0
5.2,0.0
4.2,17.95
3.06,95.05
2.39,171.1
1.42,240.1
-0.19,240.7
-1.94,324.4
-3.37,432.55
-5.65,402.1
-7.1,292.5
-8.3,129.65
-9.45,6.15
-10.64,0.0
-11.51,0.0
-12.19,0.0
-12.85,0.0
-13.5,0.0
-14.13,0.0
-14.77,0.0
-15.48,0.0
-16.0,0.0
-16.64,0.0
-17.37,0.0
-18.11,0.0
-18.96,0.0
-19.91,48.65
-19.25,267.45
-17.07,442.35
-14.94,572.3
-13.81,605.0
-12.74,628.05
-11.82,597.15
-11.0,489.05
-10.55,332.55
-10.43,151.25
-11.53,6.6
-14.06,0.0
-15.26,0.0
-15.6,0.0
-15.78,0.0
-15.46,0.0
-16.07,0.0
-17.53,0.0
-18.31,0.0
-17.19,0.0
-16.37,0.0
-15.61,0.0
-15.02,0.0
-14.51,0.0
-14.29,25.55
-14.08,82.0
-13.72,100.8
-13.43,164.0
-12.77,143.75
-12.34,189.5
-11.71,169.1
-11.95,151.6
-11.86,106.2
-11.82,69.15
-11.82,8.55
-12.01,0.0
-12.44,0.0
-12.99,0.0
-13.87,0.0
-14.73,0.0
-15.7,0.0
-17.33,0.0
-17.88,0.0
-19.55,0.0
-20.62,0.0
-21.27,0.0
-21.56,0.0
-21.82,0.0
-22.01,114.15
-21.25,298.05
-18.85,468.8
-15.1,595.8
-11.97,664.1
-9.6,671.6
-7.88,611.8
-6.42,500.45
-5.71,308.25
-5.47,127.7
-5.51,8.95
-5.75,0.0
-5.61,0.0
-5.63,0.0
-5.7,0.0
-5.75,0.0
-5.62,0.0
-5.62,0.0
-5.58,0.0
-5.16,0.0
-5.18,0.0
-5.0,0.0
-4.8,0.0
-4.7,0.0
-4.57,55.5
-4.18,130.95
-3.59,235.8
-2.73,332.65
-1.86,484.3
-0.9,547.1
-0.25,442.3
-1.26,403.7
-2.66,275.3
-3.74,154.95
-5.0,9.8
-6.42,0.0
-7.85,0.0
-8.77,0.0
-8.93,0.0
-9.58,0.0
-10.77,0.0
-12.16,0.0
-13.38,0.0
-14.95,0.0
-15.73,0.0
-16.55,0.0
-17.27,0.0
-17.97,0.0
-18.57,129.85
-18.09,317.0
-16.74,487.85
-15.49,603.6
-12.94,673.95
-12.34,681.3
-11.73,629.15
-11.13,518.45
-10.52,358.85
-9.92,173.35
-9.31,9.85
-8.7,0.0
-8.1,0.0
-7.49,0.0
-6.89,0.0
-6.28,0.0
-5.68,0.0
-5.07,0.0
-4.46,0.0
-3.86,0.0
-11.7,0.0
-12.82,0.0
-13.83,0.0
-14.69,0.0
-15.32,133.0
-14.84,316.4
-13.94,477.25
-13.05,596.2
-11.97,657.7
-10.84,654.15
-9.91,568.95
-8.83,347.5
-8.43,191.35
-8.39,96.85
-8.52,10.0
-8.73,0.0
-8.87,0.0
-9.21,0.0
-9.4,0.0
-9.43,0.0
-9.39,0.0
-9.2,0.0
-8.87,0.0
-8.42,0.0
-7.3,0.0
-6.34,0.0
-5.89,0.0
-5.77,0.0
-5.49,33.05
-4.78,112.05
-5.01,276.9
-6.45,471.35
-6.9,437.95
-7.52,488.05
-7.77,554.35
-8.41,474.1
-8.3,338.6
-8.55,163.4
-9.19,13.9
-10.2,0.0
-11.08,0.0
-11.96,0.0
-12.83,0.0
-13.66,0.0
-14.5,0.0
-15.4,0.0
-16.23,0.0
-16.83,0.0
-17.61,0.0
-18.37,0.0
-19.01,0.0
-19.59,0.0
-20.08,149.1
-19.53,339.95
-18.24,505.0
-16.76,625.55
-15.55,692.05
-14.4,699.25
-13.36,646.3
-12.65,534.65
-12.04,375.2
-11.84,188.05
-12.41,11.9
-13.9,0.0
-15.35,0.0
-16.79,0.0
-16.7,0.0
-14.68,0.0
-15.85,0.0
-18.61,0.0
-20.22,0.0
-20.84,0.0
-20.03,0.0
-20.26,0.0
-20.87,0.0
-21.48,0.0
-22.15,152.5
-21.08,340.55
-18.46,513.7
-16.21,636.6
-14.04,703.95
-11.28,709.7
-9.41,653.4
-8.52,540.0
-8.28,380.1
-8.87,192.9
-9.71,12.9
-12.36,0.0
-13.57,0.0
-14.48,0.0
-14.69,0.0
-14.0,0.0
-14.42,0.0
-16.35,0.0
-16.25,0.0
-18.34,0.0
-16.87,0.0
-17.03,0.0
-17.63,0.0
-18.25,0.0
-18.46,158.7
-17.51,345.4
-14.71,510.8
-11.89,633.85
-9.94,702.8
-8.49,702.15
-6.2,635.9
-4.78,506.2
-4.26,326.25
-4.45,151.85
-5.29,20.8
-6.7,0.0
-7.68,0.0
-8.23,0.0
-8.56,0.0
-8.81,0.0
-9.36,0.0
-9.7,0.0
-10.08,0.0
-9.75,0.0
-9.89,0.0
-9.97,0.0
-10.49,0.0
-11.17,0.0
-11.84,156.65
-10.55,341.35
-8.28,505.6
-4.93,630.2
-2.52,692.95
-0.57,696.3
0.73,484.75
1.57,390.35
1.75,300.2
1.47,157.8
0.52,16.4
-1.14,0.0
-2.93,0.0
-4.34,0.0
-5.02,0.0
-5.4,0.0
-5.58,0.0
-5.23,0.0
-4.65,0.0
-3.46,0.0
-3.07,0.0
-2.82,0.0
-2.75,0.0
-2.35,0.0
-2.04,35.8
-1.47,94.2
-0.68,136.05
0.15,150.95
0.9,361.3
2.28,355.65
3.11,385.05
3.84,319.15
4.25,243.1
4.26,110.7
3.62,12.7
2.87,0.0
2.39,0.0
2.02,0.0
1.83,0.0
1.51,0.0
1.07,0.0
0.17,0.0
-0.31,0.0
-1.03,0.0
-1.85,0.0
-2.51,0.0
-3.18,0.0
-3.53,0.0
-3.96,143.3
-3.04,317.75
-0.7,455.8
1.54,591.05
2.2,654.75
2.53,639.85
4.43,475.05
3.3,346.2
3.28,206.95
2.9,144.2
2.32,15.25
1.39,0.0
1.28,0.0
1.07,0.0
0.97,0.0
0.96,0.0
1.1,0.0
1.15,0.0
1.25,0.0
2.83,0.0
2.89,0.0
1.95,0.0
2.03,0.0
2.32,0.0
3.37,23.3
4.95,147.1
6.37,356.5
8.31,504.6
10.2,543.1
12.0,365.15
12.04,225.2
10.19,120.7
9.74,103.45
10.13,16.1
9.94,6.4
9.89,0.0
9.45,0.0
9.28,0.0
8.83,0.0
8.28,0.0
7.59,0.0
6.77,0.0
5.56,0.0
5.01,0.0
4.36,0.0
4.13,0.0
3.71,0.0
3.24,0.0
3.01,24.35
2.96,66.9
3.47,67.15
3.43,116.55
3.46,133.5
3.47,128.95
3.35,96.0
3.44,76.25
3.28,30.7
2.81,15.5
2.43,2.9
2.13,0.0
2.05,0.0
1.94,0.0
1.85,0.0
1.81,0.0
1.74,0.0
1.57,0.0
1.18,0.0
0.78,0.0
0.45,0.0
-0.17,0.0
-1.18,0.0
-2.02,0.0
-2.88,173.75
-1.05,346.7
1.39,479.15
2.61,593.35
3.76,511.2
4.53,621.5
5.71,505.2
5.61,408.45
5.88,352.4
5.7,198.65
4.66,16.05
2.73,0.0
0.94,0.0
-0.27,0.0
-1.16,0.0
-2.65,0.0
-3.72,0.0
-3.85,0.0
-2.27,0.0
-5.13,0.0
-5.02,0.0
-5.33,0.0
-5.62,0.0
-5.66,0.0
-4.68,186.75
-1.03,366.4
2.84,522.95
5.41,647.2
7.11,694.95
8.81,697.5
10.12,647.8
10.72,520.55
11.98,366.25
11.6,199.6
10.55,16.3
8.82,0.0
7.57,0.0
6.56,0.0
5.69,0.0
4.73,0.0
3.83,0.0
3.08,0.0
2.37,0.0
2.47,0.0
1.81,0.0
0.96,0.0
0.0,0.0
-0.97,0.0
-0.94,197.45
0.96,381.6
2.19,543.4
3.18,660.0
4.35,721.05
5.43,721.75
6.3,660.7
7.37,543.2
7.36,382.0
6.82,194.1
5.57,25.3
3.46,0.0
1.69,0.0
0.57,0.0
-0.2,0.0
-0.85,0.0
-1.35,0.0
-1.91,0.0
-2.21,0.0
-1.71,0.0
-1.7,0.0
-1.56,0.0
-1.28,0.0
-0.97,0.0
-0.26,148.7
1.65,295.0
3.77,352.4
4.99,380.85
6.03,313.55
6.49,168.95
5.95,150.1
4.53,84.85
3.12,55.65
2.12,34.4
1.81,6.6
1.77,0.0
1.8,0.0
1.78,0.0
1.79,0.0
1.9,0.0
2.01,0.0
2.03,0.0
2.0,0.0
2.17,0.0
2.19,0.0
2.22,0.0
2.35,0.0
2.44,0.0
2.69,24.2
3.15,48.6
3.67,80.0
4.44,79.35
4.96,134.7
5.84,150.5
6.58,269.1
9.1,151.4
8.75,74.45
7.79,23.95
6.6,7.35
5.48,0.0
4.73,0.0
4.47,0.0
3.93,0.0
3.49,0.0
3.24,0.0
2.99,0.0
2.73,0.0
2.68,0.0
2.67,0.0
2.72,0.0
2.75,0.0
2.7,0.0
2.67,100.3
3.38,255.0
4.75,389.9
6.06,474.9
7.55,556.4
8.81,604.15
10.02,422.6
8.53,352.2
8.75,226.25
8.83,110.35
8.49,21.8
7.64,0.0
6.48,0.0
6.05,0.0
4.8,0.0
4.35,0.0
4.4,0.0
4.92,0.0
3.77,0.0
1.26,0.0
-0.01,0.0
-0.28,0.0
-0.21,0.0
-0.21,0.0
0.54,171.85
3.48,322.85
5.49,488.0
7.44,574.15
9.33,633.1
10.75,616.2
11.61,574.1
9.91,474.85
8.62,369.25
7.76,183.75
6.27,23.85
4.71,0.0
3.6,0.0
2.72,0.0
2.14,0.0
1.53,0.0
0.98,0.0
0.71,0.0
0.28,0.0
0.04,0.0
-0.32,0.0
-0.73,0.0
-1.24,0.0
-1.83,0.0
-2.36,211.1
-1.78,407.55
-0.95,536.65
-0.12,565.85
0.48,613.65
1.09,461.2
1.03,523.2
2.12,506.25
2.19,394.05
1.85,238.3
1.07,25.55
-0.47,0.0
-1.97,0.0
-2.91,0.0
-3.73,0.0
-4.51,0.0
-5.25,0.0
-5.85,0.0
-6.36,0.0
-5.86,0.0
-6.42,0.0
-7.0,0.0
-7.53,0.0
-7.98,0.0
-7.96,239.75
-7.35,412.25
-6.34,547.35
-4.88,657.35
-3.68,746.05
-2.42,768.25
-1.49,731.3
-1.22,616.3
-0.97,456.95
-1.1,265.5
-1.86,28.6
-3.66,0.0
-5.41,0.0
-6.67,0.0
-7.65,0.0
-8.52,0.0
-9.35,0.0
-10.03,0.0
-10.67,0.0
-10.6,0.0
-11.05,0.0
-11.38,0.0
-11.55,0.0
-11.79,0.0
-11.54,258.25
-9.9,451.4
-7.92,615.1
-6.31,733.2
-4.89,795.35
-3.56,796.55
-2.45,742.0
-1.8,627.1
-1.4,462.3
-1.34,263.0
-1.79,34.25
-3.06,0.05
-4.63,0.0
-5.61,0.0
-6.16,0.0
-6.65,0.0
-7.12,0.0
-7.8,0.0
-8.89,0.0
-8.16,0.0
-7.9,0.0
-7.75,0.0
-7.66,0.0
-7.69,34.55
-6.95,242.15
-5.36,421.9
-3.01,595.9
-0.62,733.15
1.34,793.85
2.78,780.35
3.83,665.1
4.54,513.65
4.38,335.65
3.69,194.7
2.51,45.25
0.89,0.15
-0.71,0.0
-1.86,0.0
-3.07,0.0
-4.07,0.0
-4.99,0.0
-5.97,0.0
-6.67,0.0
-6.0,0.0
-6.14,0.0
-6.3,0.0
-6.44,0.0
-6.73,29.2
-5.77,264.85
-4.18,439.45
-2.53,585.95
-0.77,663.3
1.21,668.8
2.95,488.2
3.69,494.8
3.69,445.85
4.27,319.15
4.29,202.1
3.77,46.0
2.6,0.2
1.75,0.0
1.17,0.0
0.61,0.0
0.22,0.0
-0.01,0.0
-0.22,0.0
-0.38,0.0
-0.43,0.0
-0.42,0.0
-0.48,0.0
-0.6,0.0
-0.79,21.8
-1.48,139.85
-2.0,246.95
-2.1,490.0
-1.09,712.95
0.16,798.5
1.22,797.5
2.04,696.35
3.02,616.25
3.78,462.0
4.15,241.1
3.67,46.2
2.04,0.35
0.17,0.0
-1.11,0.0
-2.17,0.0
-3.16,0.0
-4.43,0.0
-5.2,0.0
-5.8,0.0
-4.99,0.0
-5.21,0.0
-5.32,0.0
-5.39,0.0
-5.53,24.4
-5.44,57.75
-5.33,100.9
-5.03,186.15
-4.27,176.55
-3.87,143.6
-3.74,191.1
-3.13,162.95
-2.85,78.05
-3.01,68.3
-3.21,22.1
-3.06,7.8
-2.41,0.15
-1.88,0.0
-1.24,0.0
-0.77,0.0
-0.51,0.0
-0.08,0.0
0.34,0.0
0.78,0.0
0.87,0.0
1.42,0.0
2.04,0.0
2.43,0.0
2.72,10.35
3.07,24.8
3.43,119.1
4.43,83.6
4.83,158.65
6.02,189.7
7.66,211.65
7.86,146.2
3.22,149.15
2.82,97.8
2.16,99.2
1.74,25.6
0.63,0.65
-0.61,0.0
-1.45,0.0
-2.43,0.0
-3.53,0.0
-4.79,0.0
-6.34,0.0
-7.59,0.0
-7.65,0.0
-6.82,0.0
-6.44,0.0
-6.77,0.0
-7.04,32.15
-6.18,279.2
-6.94,467.05
-3.8,626.0
-2.0,739.5
0.11,797.75
1.61,797.5
2.73,741.25
3.12,617.75
3.54,454.1
3.69,274.05
3.4,33.2
2.21,1.05
0.32,0.0
-0.99,0.0
-1.74,0.0
-2.26,0.0
-2.7,0.0
-3.41,0.0
-3.93,0.0
-4.33,0.0
-4.49,0.0
-4.62,0.0
-4.73,0.0
-4.65,47.65
-3.09,243.55
-0.27,429.15
2.69,538.2
5.09,663.2
7.25,777.65
9.22,779.65
10.92,717.95
12.3,605.95
13.26,453.05
13.66,270.1
12.92,31.85
10.6,1.2
8.06,0.0
6.68,0.0
5.66,0.0
4.85,0.0
4.2,0.0
3.77,0.0
3.6,0.0
3.65,0.0
3.23,0.0
2.96,0.0
2.66,0.0
2.78,54.8
4.02,110.05
5.42,108.4
5.72,100.85
5.59,69.65
5.2,49.55
4.98,50.9
4.95,50.7
4.78,65.15
4.74,42.3
4.59,35.7
4.58,9.35
4.49,0.2
4.08,0.0
3.82,0.0
2.66,0.0
1.32,0.0
1.54,0.0
1.98,0.0
2.24,0.0
2.42,0.0
1.78,0.0
1.32,0.0
0.92,0.0
0.47,68.05
0.54,170.8
1.03,360.6
2.11,458.95
3.06,504.15
4.04,617.95
4.96,776.85
6.0,712.0
5.85,644.35
6.11,473.6
5.83,287.25
5.03,35.35
3.41,1.7
1.65,0.0
0.49,0.0
-0.41,0.0
-1.21,0.0
-1.83,0.0
-2.35,0.0
-2.88,0.0
-2.91,0.0
-3.34,0.0
-3.32,0.0
-3.1,0.0
-2.58,91.5
-0.55,290.5
2.28,484.7
4.71,634.3
6.54,730.15
8.05,752.7
9.3,716.15
10.44,566.5
10.99,314.55
10.95,224.9
10.77,125.05
10.17,41.15
8.88,1.7
7.6,0.0
6.82,0.0
6.28,0.0
5.87,0.0
5.7,0.0
5.45,0.0
5.08,0.0
4.62,0.0
4.56,0.0
4.57,0.0
4.67,0.0
4.85,11.85
5.0,21.7
5.33,36.2
5.87,36.55
6.37,47.4
12.9,51.9
11.46,68.8
10.01,77.7
8.56,60.0
7.12,48.55
5.67,42.95
4.23,13.2
2.78,0.15
1.33,0.0
-0.11,0.0
-1.56,0.0
-3.0,0.0
-4.45,0.0
-5.9,0.0
-7.34,0.0
-8.79,0.0
-8.94,0.0
-9.39,0.0
-9.86,0.0
-10.4,122.35
-9.67,316.15
-6.47,506.55
-4.25,667.45
-2.9,783.05
-1.69,842.25
-0.66,839.35
0.07,779.2
0.56,659.7
0.93,495.95
0.93,304.2
0.59,35.6
-0.6,2.35
-2.9,0.0
-3.06,0.0
-1.57,0.0
-3.54,0.0
-5.48,0.0
-5.95,0.0
-5.87,0.0
-6.98,0.0
-6.87,0.0
-5.79,0.0
-4.87,0.0
-4.19,50.05
-3.57,82.5
-2.15,110.6
-0.38,173.4
0.71,315.4
2.55,368.75
3.9,536.95
5.87,684.05
7.67,606.2
9.26,455.15
9.93,294.85
8.61,41.5
7.72,2.75
7.43,0.0
7.36,0.0
7.07,0.0
6.82,0.0
6.48,0.0
6.79,0.0
7.59,0.0
7.56,0.0
6.76,0.0
5.24,0.0
4.09,0.0
3.4,99.95
4.22,236.7
5.05,368.95
5.83,504.4
7.63,716.05
9.46,805.9
11.05,805.15
12.24,747.7
12.58,620.35
12.64,452.65
11.97,232.25
10.45,71.2
7.66,2.8
5.81,0.0
4.61,0.0
4.18,0.0
4.23,0.0
3.61,0.0
2.43,0.0
1.27,0.0
0.97,0.0
0.48,0.0
-0.08,0.0
-0.84,0.0
-1.77,22.2
-2.61,75.65
-3.06,152.2
-2.85,329.85
-2.04,486.05
-0.85,794.6
0.87,802.0
1.84,717.35
1.31,618.95
1.12,480.7
0.71,319.75
0.01,124.35
-1.04,3.5
-2.32,0.0
-3.25,0.0
-4.35,0.0
-6.27,0.0
-3.65,0.0
-8.0,0.0
-7.23,0.0
-6.33,0.0
-4.32,0.0
-3.27,0.0
-3.39,0.0
-3.87,133.25
-4.24,331.3
-4.36,515.8
-4.11,696.9
-3.6,791.25
-2.87,765.05
-2.3,712.25
-1.72,559.5
-0.41,580.3
0.25,441.7
0.55,263.35
0.27,123.95
-0.93,4.05
-2.82,0.0
-4.93,0.0
-2.41,0.0
-2.66,0.0
-3.01,0.0
-3.42,0.0
-3.94,0.0
-4.6,0.0
-5.96,0.0
-5.68,0.0
-5.9,0.0
-5.58,89.8
-5.32,197.25
-4.64,276.4
-1.5,347.3
0.58,412.9
1.68,419.35
2.17,462.35
2.71,262.2
2.73,260.9
2.49,129.35
1.9,83.95
1.33,43.0
0.68,3.45
0.04,0.0
-0.65,0.0
-1.38,0.0
-1.71,0.0
-2.28,0.0
-2.69,0.0
-2.04,0.0
-2.12,0.0
-2.42,0.0
-4.42,0.0
-4.88,0.0
-4.32,126.65
-3.33,311.75
-1.88,504.55
0.04,672.9
1.68,776.55
2.72,828.0
3.34,842.8
3.88,792.55
4.21,678.4
4.51,516.85
4.23,327.7
3.64,133.65
2.56,4.6
-0.62,0.0
-2.45,0.0
-3.97,0.0
-4.99,0.0
-5.96,0.0
-6.35,0.0
-6.44,0.0
-6.03,0.0
-5.74,0.0
-5.1,0.0
-5.14,0.0
-5.01,109.3
-3.31,268.35
-0.63,438.8
1.7,613.75
3.47,698.25
4.35,717.0
5.19,680.55
5.74,515.05
5.41,375.7
5.46,259.95
5.06,102.65
3.91,30.25
3.01,1.95
2.15,0.0
1.52,0.0
0.84,0.0
0.52,0.0
0.37,0.0
0.22,0.0
0.09,0.0
0.22,0.0
-0.02,0.0
-0.21,0.0
-0.2,0.0
-0.22,90.45
0.3,270.15
1.3,448.85
2.53,532.1
3.63,663.5
4.82,544.3
5.58,505.65
6.03,505.65
6.72,322.55
6.46,137.85
6.45,79.7
5.74,32.75
4.99,2.85
4.06,0.0
3.22,0.0
2.71,0.0
2.45,0.0
1.94,0.0
1.83,0.0
1.84,0.0
1.96,0.0
1.97,0.0
2.11,0.0
2.38,0.0
2.68,12.4
3.05,36.3
3.55,123.1
4.68,163.5
5.81,173.2
6.81,269.55
8.36,296.45
9.47,106.0
8.94,67.0
9.06,48.35
9.47,102.9
10.17,64.15
9.91,2.9
8.83,0.0
8.07,0.0
7.19,0.0
6.71,0.0
6.1,0.0
5.45,0.0
4.83,0.0
4.59,0.0
4.17,0.0
3.49,0.0
2.95,0.0
2.59,68.9
2.66,183.1
3.21,346.55
4.1,438.55
4.92,580.1
5.95,665.55
7.24,718.2
8.1,660.1
8.05,610.7
8.61,462.85
8.51,334.85
8.23,139.95
7.19,6.35
5.73,0.0
4.64,0.0
3.92,0.0
3.18,0.0
2.4,0.0
1.91,0.0
1.86,0.0
2.08,0.0
1.79,0.0
1.44,0.0
1.08,0.0
1.11,173.0
2.51,363.0
4.39,544.0
6.36,694.65
8.31,800.6
10.21,852.55
11.94,841.75
13.44,779.75
15.23,668.45
15.9,515.9
16.09,333.1
15.59,145.15
13.82,6.85
11.29,0.0
9.75,0.0
8.55,0.0
7.36,0.0
6.14,0.0
4.86,0.0
3.34,0.0
2.1,0.0
1.41,0.0
0.67,0.0
-0.16,0.0
0.2,176.6
4.91,365.25
8.85,544.1
12.09,692.45
14.92,796.5
17.18,847.3
18.94,842.95
20.14,784.95
20.73,642.85
20.72,462.65
20.24,273.15
19.15,97.35
17.64,8.45
16.69,0.0
16.41,0.0
16.07,0.0
15.8,0.0
14.15,0.0
12.43,0.0
10.28,0.0
8.24,0.0
7.33,0.0
6.36,0.0
5.41,0.0
5.05,182.75
6.33,374.75
8.09,554.85
9.88,688.3
11.57,817.75
13.27,867.9
14.47,819.75
15.09,796.2
15.55,650.8
15.62,496.55
15.4,351.0
14.67,156.55
12.96,7.9
10.92,0.0
9.55,0.0
8.32,0.0
7.21,0.0
6.14,0.0
5.37,0.0
4.68,0.0
3.98,0.0
2.9,0.0
1.76,0.0
0.97,0.0
0.89,187.95
3.9,380.25
4.5,563.0
5.44,705.75
6.64,814.8
7.95,875.45
9.4,870.05
10.64,814.7
12.27,699.1
12.69,539.5
12.67,352.5
12.04,159.85
10.36,8.45
8.06,0.0
6.39,0.0
5.07,0.0
3.9,0.0
2.77,0.0
1.58,0.0
0.28,0.0
-0.39,0.0
-1.2,0.0
-1.48,0.0
-1.24,0.0
-0.49,195.3
1.98,387.35
4.48,568.85
6.67,721.1
8.68,829.85
10.44,883.45
11.96,879.3
13.26,805.25
14.29,646.7
15.08,430.55
15.5,249.35
15.2,119.8
14.01,11.8
11.76,0.0
9.15,0.0
8.34,0.0
8.26,0.0
8.2,0.0
8.62,0.0
9.51,0.0
9.95,0.0
9.04,0.0
8.17,0.0
7.6,0.0
7.6,56.4
8.1,188.3
8.85,439.8
10.77,551.6
12.4,643.45
13.95,810.35
15.74,860.25
17.11,753.55
18.55,597.55
18.89,358.25
18.22,249.65
17.19,121.15
15.92,9.0
13.79,0.0
11.92,0.0
10.48,0.0
8.87,0.0
7.43,0.0
6.11,0.0
4.95,0.0
4.17,0.0
3.22,0.0
2.32,0.0
1.52,0.0
1.5,203.6
3.91,378.45
5.62,494.65
7.02,471.7
8.18,596.65
9.26,494.4
9.51,447.95
9.01,430.8
7.99,501.65
8.18,480.15
9.02,292.4
9.79,111.75
9.45,10.45
8.05,0.0
6.62,0.0
5.85,0.0
5.3,0.0
4.57,0.0
3.84,0.0
3.12,0.0
2.6,0.0
1.97,0.0
1.09,0.0
0.28,0.0
0.07,212.4
2.5,405.0
4.07,585.05
5.5,733.7
6.81,836.55
7.99,885.45
9.04,877.9
9.45,816.2
10.09,701.15
10.14,546.6
10.5,358.45
10.41,165.1
9.6,12.45
8.13,0.0
6.58,0.0
5.63,0.0
4.96,0.0
4.57,0.0
4.37,0.0
4.32,0.0
4.63,0.0
4.69,0.0
4.94,0.0
5.33,0.0
5.97,75.1
6.88,189.6
7.99,164.55
7.95,134.0
6.52,64.5
5.69,45.65
5.27,44.2
5.09,79.1
5.92,96.35
6.38,84.5
6.68,47.75
6.74,38.35
6.97,5.8
6.9,0.0
7.33,0.0
7.51,0.0
7.79,0.0
8.12,0.0
8.13,0.0
8.05,0.0
7.73,0.0
7.65,0.0
7.72,0.0
7.62,0.0
7.47,9.9
7.45,18.1
7.49,50.3
8.07,86.3
8.74,84.9
8.66,271.0
9.15,317.25
10.08,348.35
9.41,468.55
10.69,515.9
11.63,349.4
11.41,175.9
10.09,12.35
7.98,0.0
6.68,0.0
5.72,0.0
4.96,0.0
4.38,0.0
3.81,0.0
3.22,0.0
3.12,0.0
2.9,0.0
2.55,0.0
2.19,0.0
2.81,216.15
5.42,338.55
7.46,435.55
8.46,499.95
9.68,432.7
10.42,573.15
10.62,790.8
11.14,516.2
11.83,257.45
9.62,155.0
8.43,176.6
7.69,63.3
7.2,7.3
6.68,0.0
6.0,0.0
5.34,0.0
4.75,0.0
4.13,0.0
3.54,0.0
2.74,0.0
2.17,0.0
2.05,0.0
2.09,0.0
2.04,0.0
2.05,94.3
2.13,232.8
2.7,431.25
3.91,525.85
5.12,540.85
5.91,514.55
6.55,511.55
7.11,526.95
6.21,456.95
6.34,353.4
6.43,255.75
6.29,151.1
5.66,18.2
4.51,0.0
4.04,0.0
3.93,0.0
3.47,0.0
3.05,0.0
2.46,0.0
1.54,0.0
1.47,0.0
1.02,0.0
0.52,0.0
0.17,25.95
0.64,174.8
1.46,245.6
2.14,330.4
2.81,379.9
3.5,505.7
4.41,547.4
5.04,503.3
5.4,384.1
3.49,369.3
3.62,352.35
3.76,254.1
3.49,119.65
2.84,18.15
1.94,0.0
1.21,0.0
0.78,0.0
0.41,0.0
0.12,0.0
-0.27,0.0
-0.7,0.0
-0.72,0.0
-0.45,0.0
-0.06,0.0
0.03,26.15
0.39,149.75
1.58,262.15
2.85,348.35
4.28,500.05
6.13,589.55
8.3,458.0
9.62,375.95
10.51,401.25
9.19,304.25
8.77,274.2
8.59,169.9
7.87,89.6
6.99,11.3
5.8,0.0
5.15,0.0
4.57,0.0
3.63,0.0
2.78,0.0
2.24,0.0
2.0,0.0
2.8,0.0
2.43,0.0
1.78,0.0
1.07,27.55
1.87,203.75
4.22,385.8
5.89,434.25
7.24,432.85
8.24,517.75
9.22,599.6
10.36,531.35
10.96,362.4
10.85,311.95
11.08,227.5
11.02,141.1
10.64,74.8
9.61,12.25
8.21,0.0
7.23,0.0
6.39,0.0
5.43,0.0
4.45,0.0
3.94,0.0
4.05,0.0
4.22,0.0
3.97,0.0
3.84,0.0
3.79,29.55
4.17,127.05
5.26,227.4
6.42,375.55
7.81,349.0
8.5,296.2
9.19,247.95
9.74,277.85
10.38,302.7
12.36,224.05
12.67,102.9
12.3,80.05
12.21,44.25
11.95,11.95
11.17,0.0
10.43,0.0
9.63,0.0
9.28,0.0
8.62,0.0
7.19,0.0
6.14,0.0
6.05,0.0
5.46,0.0
4.72,0.0
4.07,27.95
4.71,226.55
7.07,408.0
8.69,504.4
10.05,426.9
10.63,414.85
11.4,407.3
12.23,374.3
12.88,504.35
14.93,396.65
15.33,369.65
15.67,263.55
15.49,154.7
14.07,17.05
11.75,0.0
10.44,0.0
9.85,0.0
9.35,0.0
8.55,0.0
7.57,0.0
6.67,0.0
6.99,0.0
6.16,0.0
5.33,0.0
4.6,30.55
5.51,248.3
8.04,409.35
9.7,590.6
10.95,720.3
12.4,659.85
12.95,524.45
13.07,429.55
12.98,380.35
14.08,394.15
14.34,343.6
14.23,214.6
13.65,138.0
12.69,14.85
11.11,0.0
9.84,0.0
8.63,0.0
7.51,0.0
6.36,0.0
5.49,0.0
4.84,0.0
4.84,0.0
4.41,0.0
3.92,0.0
3.62,30.9
4.42,248.25
6.5,434.0
8.73,578.7
10.76,687.95
12.43,804.55
16.89,611.5
16.11,497.0
15.32,275.2
14.53,287.35
13.75,198.35
12.96,129.85
12.18,71.5
11.39,12.2
10.61,0.0
9.82,0.0
9.03,0.0
8.25,0.0
7.46,0.0
6.68,0.0
5.89,0.0
5.11,0.0
3.82,0.0
3.24,0.0
2.91,22.6
3.06,225.4
3.68,459.95
4.85,655.1
6.27,794.5
7.72,893.1
9.07,935.05
10.34,912.4
11.32,793.95
11.12,544.1
11.16,266.2
10.54,255.15
10.23,192.35
9.62,23.7
8.62,0.0
8.01,0.0
7.39,0.0
6.53,0.0
5.7,0.0
5.59,0.0
5.82,0.0
5.56,0.0
5.66,0.0
5.74,0.0
5.91,23.55
6.27,151.15
7.62,377.85
9.33,565.35
10.74,629.65
12.29,689.65
13.41,722.1
14.09,859.9
14.88,830.15
15.6,726.5
15.7,572.3
15.43,401.8
14.87,213.4
13.7,19.55
11.87,0.0
10.36,0.0
9.27,0.0
8.44,0.0
7.75,0.0
7.24,0.0
6.72,0.0
6.62,0.0
6.07,0.0
5.59,0.0
5.15,53.95
5.2,140.75
5.55,245.05
6.12,360.6
6.93,441.2
7.84,520.3
8.89,482.7
9.63,460.8
10.3,335.9
10.36,192.15
10.27,118.85
10.06,86.1
9.84,32.9
9.54,8.7
9.28,0.0
9.05,0.0
8.84,0.0
8.79,0.0
8.75,0.0
8.56,0.0
8.57,0.0
8.92,0.0
9.06,0.0
9.09,0.0
9.08,30.75
9.19,48.4
9.4,105.6
9.96,159.1
10.61,146.7
10.89,236.05
11.85,246.35
12.61,244.95
13.22,124.6
13.19,100.9
13.06,80.8
12.86,62.25
12.64,23.25
11.96,5.15
11.31,0.0
11.02,0.0
11.01,0.0
10.99,0.0
10.83,0.0
10.75,0.0
10.66,0.0
11.23,0.0
11.33,0.0
11.14,0.0
11.16,11.25
11.29,20.95
11.28,37.35
11.58,41.75
11.6,62.0
11.5,76.85
11.67,154.65
12.07,132.6
12.26,105.1
12.17,86.8
12.15,106.35
12.3,75.05
12.0,32.7
11.38,8.55
10.53,0.0
9.74,0.0
9.14,0.0
8.68,0.0
8.38,0.0
8.14,0.0
7.99,0.0
8.07,0.0
7.54,0.0
6.96,0.0
6.53,74.35
6.55,234.7
7.15,443.75
8.22,659.4
9.53,819.65
10.85,911.2
11.95,949.85
12.87,904.65
14.25,731.55
14.81,559.8
14.45,516.1
14.01,379.4
13.29,211.8
12.34,22.6
10.74,0.05
9.25,0.0
8.01,0.0
6.4,0.0
5.49,0.0
6.37,0.0
5.59,0.0
2.7,0.0
2.23,0.0
2.08,0.0
1.98,94.0
4.39,253.2
7.47,446.2
9.77,629.2
11.78,741.05
13.02,743.0
13.65,798.5
14.23,707.9
14.52,672.5
14.51,617.25
14.63,546.8
14.7,395.65
14.68,155.0
13.94,25.05
12.59,0.05
11.48,0.0
10.67,0.0
9.92,0.0
9.33,0.0
8.83,0.0
8.34,0.0
8.48,0.0
7.99,0.0
7.71,0.0
7.75,52.15
8.23,138.55
9.24,302.2
10.88,491.0
12.54,522.8
13.44,499.4
13.71,498.6
13.7,642.35
14.13,619.5
15.31,560.55
15.33,497.4
15.25,339.25
15.11,156.15
14.19,31.15
12.55,0.15
11.02,0.0
9.79,0.0
8.85,0.0
7.95,0.0
7.32,0.0
6.81,0.0
6.74,0.0
6.51,0.0
6.41,0.0
6.23,73.3
6.72,186.6
7.44,317.05
8.33,484.35
9.9,648.25
11.6,683.85
12.82,772.55
13.8,847.0
14.6,772.85
15.13,675.65
15.53,532.65
15.51,350.6
15.17,183.8
14.15,37.45
12.56,0.25
11.29,0.0
10.36,0.0
9.49,0.0
8.58,0.0
7.8,0.0
7.01,0.0
6.5,0.0
5.7,0.0
5.02,0.0
4.75,99.8
6.83,282.3
9.08,473.65
11.03,644.7
12.81,766.05
14.32,819.15
15.22,764.7
15.68,777.65
16.09,794.95
16.58,709.3
16.63,553.2
16.47,403.05
16.02,160.6
14.81,35.3
13.22,0.35
11.94,0.0
11.28,0.0
10.47,0.0
9.67,0.0
9.06,0.0
8.46,0.0
8.38,0.0
7.63,0.0
7.02,0.0
6.6,92.1
7.01,214.3
7.68,303.75
8.41,535.5
9.86,662.8
10.78,589.9
10.66,635.4
10.75,643.5
11.05,601.4
11.74,574.0
11.97,470.25
12.19,338.95
10.72,140.15
9.9,26.85
9.3,0.35
8.67,0.0
8.22,0.0
7.98,0.0
7.48,0.0
7.21,0.0
6.88,0.0
6.7,0.0
6.46,0.0
5.98,0.0
5.45,120.55
6.52,288.25
8.33,488.5
10.43,658.8
12.49,761.35
13.97,723.8
14.9,710.25
15.6,745.7
16.1,739.15
16.92,671.9
17.13,554.55
17.01,332.4
16.4,179.5
15.52,31.75
14.21,0.6
12.35,0.0
10.88,0.0
9.66,0.0
8.81,0.0
8.05,0.0
7.32,0.0
6.39,0.0
5.7,0.0
5.08,0.0
4.77,122.55
7.03,300.1
10.11,485.75
12.67,654.85
15.07,793.55
17.03,887.5
18.41,828.8
19.15,912.65
19.94,850.6
20.4,730.4
20.56,515.35
20.32,332.85
19.32,200.1
17.52,36.55
16.39,0.75
14.7,0.0
13.26,0.0
12.16,0.0
11.44,0.0
10.7,0.0
9.82,0.0
8.87,0.0
8.49,0.0
8.15,0.0
8.1,122.45
9.71,297.35
12.02,482.15
14.11,644.85
16.15,787.35
18.24,884.2
20.1,897.25
21.42,900.35
22.08,825.95
22.53,711.05
22.37,526.65
21.92,360.95
20.95,223.7
19.79,30.25
17.98,0.95
15.7,0.0
14.7,0.0
12.19,0.0
11.48,0.0
11.03,0.0
10.62,0.0
10.11,0.0
9.56,0.0
9.1,0.0
8.94,108.5
10.1,254.45
12.01,443.55
13.88,608.45
15.79,742.8
17.61,830.35
19.39,873.8
20.91,878.4
22.09,843.35
22.36,629.2
22.36,492.85
21.91,356.1
21.27,225.65
19.97,29.65
17.94,1.15
16.37,0.0
15.14,0.0
13.92,0.0
12.83,0.0
11.98,0.0
11.32,0.0
10.35,0.0
9.51,0.0
8.67,0.0
8.18,126.05
10.34,299.75
12.64,482.7
14.79,649.6
16.79,786.3
18.63,884.25
20.13,836.45
20.89,761.7
21.3,765.15
22.01,623.45
22.01,492.8
21.31,260.3
20.06,148.85
19.44,37.9
18.31,1.5
16.84,0.0
14.13,0.0
12.94,0.0
11.84,0.0
11.48,0.0
12.51,0.0
11.55,0.0
10.88,0.0
8.06,0.0
7.67,128.85
10.62,303.85
13.57,486.75
15.86,654.75
17.91,793.4
19.88,885.45
21.6,923.1
22.99,806.1
23.51,859.6
24.3,756.65
24.34,589.1
23.75,425.7
23.22,219.35
21.6,51.4
19.67,1.7
18.4,0.0
17.5,0.0
16.85,0.0
16.29,0.0
15.62,0.0
14.88,0.0
15.29,0.0
14.28,0.0
13.67,0.0
13.22,110.05
14.04,260.1
15.75,422.95
17.23,559.7
18.61,735.05
20.19,710.0
21.3,818.75
22.55,821.8
23.52,743.8
24.11,656.6
24.63,537.2
24.62,357.6
23.98,158.2
22.37,41.1
20.68,1.35
19.52,0.0
18.61,0.0
17.6,0.0
16.21,0.0
15.08,0.0
14.12,0.0
13.23,0.0
12.04,0.0
11.24,0.0
11.68,123.05
13.42,286.15
15.75,412.8
17.26,470.8
18.57,637.0
20.33,788.8
22.04,917.3
23.5,908.7
24.47,845.0
24.93,738.1
25.5,566.2
25.73,401.1
25.7,228.3
24.97,38.85
22.85,2.15
20.87,0.0
19.73,0.0
18.83,0.0
17.92,0.0
17.03,0.0
16.15,0.0
15.16,0.0
14.49,0.0
14.08,0.0
14.0,95.0
15.89,219.15
18.28,376.35
20.8,528.45
23.07,710.6
25.27,860.15
27.2,885.85
28.38,876.2
29.1,738.45
30.09,578.9
29.96,345.9
29.12,127.4
26.85,103.2
25.04,27.8
23.23,1.55
22.28,0.0
22.4,0.0
20.92,0.0
20.25,0.0
19.95,0.0
19.44,0.0
18.7,0.0
17.81,0.0
17.42,0.0
17.1,116.8
18.66,225.2
20.33,420.45
22.44,606.45
24.51,739.9
26.44,826.5
28.15,829.55
29.37,835.8
30.24,773.8
30.91,517.0
30.54,386.95
30.1,149.55
28.61,57.05
27.08,23.2
25.78,1.1
24.62,0.0
23.46,0.0
22.75,0.0
21.95,0.0
21.26,0.0
20.65,0.0
20.85,0.0
20.52,0.0
20.19,0.0
20.05,66.15
20.35,166.6
21.33,340.0
22.9,409.65
23.89,458.6
24.75,436.8
25.15,692.6
26.69,729.35
27.55,781.7
28.83,561.85
27.54,452.8
27.25,262.55
26.45,165.75
25.81,29.25
24.63,2.45
23.51,0.0
22.59,0.0
21.78,0.0
21.12,0.0
20.44,0.0
19.93,0.0
19.54,0.0
19.23,0.0
18.78,0.0
18.68,85.65
19.27,143.3
19.74,45.4
18.89,97.4
17.09,298.25
16.21,478.9
17.13,733.9
18.28,763.45
18.82,621.75
18.27,644.95
18.63,598.65
18.84,455.6
18.66,270.55
18.09,34.7
17.01,3.15
15.71,0.0
14.66,0.0
13.68,0.0
12.78,0.0
11.91,0.0
11.12,0.0
10.12,0.0
9.43,0.0
8.9,0.0
8.77,150.5
9.96,331.3
11.34,517.2
12.69,686.45
14.02,824.5
15.36,920.4
16.63,965.95
17.67,957.5
18.57,893.25
19.34,782.85
19.92,633.05
20.28,456.6
20.42,270.75
20.09,35.3
19.06,3.5
16.94,0.0
15.06,0.0
13.81,0.0
13.03,0.0
12.58,0.0
12.24,0.0
11.88,0.0
11.55,0.0
11.34,0.0
11.59,138.05
13.42,299.2
15.97,447.5
18.37,490.0
20.33,536.25
22.04,510.6
23.29,743.85
25.29,707.75
26.58,468.8
26.25,379.05
27.09,304.2
27.34,291.3
27.43,151.7
26.66,40.3
25.5,3.2
24.18,0.0
23.28,0.0
22.71,0.0
22.31,0.0
21.88,0.0
21.37,0.0
21.59,0.0
21.36,0.0
21.19,0.0
21.26,110.95
22.1,272.4
23.63,340.75
24.71,473.75
25.78,526.5
26.78,625.85
26.29,749.9
27.82,619.9
28.44,444.2
28.31,476.0
26.12,414.25
25.68,340.9
25.66,115.55
23.11,19.25
22.44,2.2
22.01,0.0
21.45,0.0
20.6,0.0
19.83,0.0
19.15,0.0
18.57,0.0
17.3,0.0
16.36,0.0
15.25,0.0
13.74,111.4
12.67,310.0
12.41,512.55
12.72,695.6
13.37,827.8
14.14,925.4
14.97,968.6
15.85,951.3
16.48,896.15
15.86,774.35
16.02,634.05
15.78,466.8
15.07,278.7
14.03,36.75
12.91,4.45
11.83,0.0
10.92,0.0
10.12,0.0
9.45,0.0
8.86,0.0
8.28,0.0
6.86,0.0
6.39,0.0
5.96,0.0
5.83,124.35
6.58,276.95
7.26,455.3
8.05,703.55
9.15,840.85
10.25,932.6
11.34,973.25
12.31,967.5
13.18,832.45
13.09,570.5
13.27,344.05
13.2,324.75
13.33,166.0
12.97,58.8
12.47,5.0
12.03,0.0
11.39,0.0
10.3,0.0
10.64,0.0
8.7,0.0
8.48,0.0
7.74,0.0
7.15,0.0
6.85,0.0
7.01,160.4
8.3,341.1
9.99,526.45
11.77,695.85
13.47,834.95
14.83,930.4
15.83,987.2
16.64,959.15
17.19,904.95
17.39,773.85
17.52,651.65
17.52,477.1
17.22,289.9
16.68,113.45
15.54,4.9
14.16,0.0
13.21,0.0
12.38,0.0
11.63,0.0
10.89,0.0
10.16,0.0
9.16,0.0
8.47,0.0
7.93,0.0
7.85,155.65
9.24,332.3
11.47,515.25
13.79,665.25
15.94,797.65
17.61,886.95
18.74,943.7
19.64,848.9
20.26,526.8
19.48,306.9
18.78,100.25
16.71,95.95
14.4,41.5
13.42,17.75
12.99,3.2
12.72,0.0
12.43,0.0
12.0,0.0
11.7,0.0
11.44,0.0
11.32,0.0
10.8,0.0
10.41,0.0
10.02,0.0
10.41,96.9
11.19,211.0
12.25,334.35
13.41,446.9
14.66,532.65
16.02,570.0
19.07,523.5
18.74,425.45
18.42,342.25
18.09,401.7
17.76,533.25
17.44,376.7
17.11,258.45
16.78,108.55
16.46,5.95
16.13,0.0
15.8,0.0
15.48,0.0
15.15,0.0
14.82,0.0
14.5,0.0
14.17,0.0
13.79,0.0
13.79,0.0
13.51,61.55
13.22,147.85
13.96,205.5
14.86,329.0
16.18,269.1
15.99,189.9
15.8,557.4
17.74,490.05
18.53,262.75
17.66,311.5
17.93,294.1
18.02,141.2
17.47,81.65
17.15,13.05
16.42,1.75
15.83,0.0
15.23,0.0
14.87,0.0
14.6,0.0
14.48,0.0
14.44,0.0
13.67,0.0
13.46,0.0
13.36,0.0
13.3,91.75
13.67,256.6
14.69,437.1
15.97,496.55
17.26,620.35
18.71,723.65
19.82,587.75
20.35,648.45
21.32,460.4
20.73,427.25
21.13,266.8
21.22,236.2
21.35,165.0
21.09,68.55
20.26,4.6
18.99,0.0
17.75,0.0
16.86,0.0
16.37,0.0
16.47,0.0
16.02,0.0
15.29,0.0
15.51,0.0
15.42,0.0
15.48,29.55
15.55,115.3
16.28,234.05
17.16,388.9
18.22,627.05
19.59,723.2
20.54,687.95
21.12,771.15
21.94,664.75
22.31,659.6
22.57,510.9
22.65,341.2
22.29,216.5
21.6,93.6
20.14,5.3
18.32,0.0
16.72,0.0
15.4,0.0
14.73,0.0
14.39,0.0
13.98,0.0
13.41,0.0
12.9,0.0
12.53,0.0
12.6,146.85
14.65,303.7
16.44,469.85
18.14,637.85
19.56,726.35
20.62,827.3
21.46,887.1
21.56,858.45
21.15,698.6
20.08,679.2
19.32,436.45
18.59,397.45
18.3,215.05
17.52,104.6
16.63,5.75
15.72,0.0
14.8,0.0
14.01,0.0
13.58,0.0
13.16,0.0
12.64,0.0
11.92,0.0
11.49,0.0
11.08,0.0
11.05,155.1
11.97,330.7
13.18,489.35
14.44,577.2
15.54,553.0
16.45,501.45
17.05,594.55
17.86,613.15
18.75,656.7
19.35,592.8
19.86,439.4
20.1,282.35
19.84,167.5
19.23,93.15
18.22,6.2
16.49,0.0
14.63,0.0
14.06,0.0
14.11,0.0
13.77,0.0
13.85,0.0
10.81,0.0
10.35,0.0
10.13,0.0
10.07,151.0
12.96,318.4
15.51,497.95
17.74,657.95
19.36,772.0
20.53,835.75
21.49,837.3
22.29,822.85
22.9,722.15
22.91,672.45
23.12,394.0
22.83,175.75
22.03,139.4
21.25,70.7
20.09,8.1
18.83,0.0
18.05,0.0
17.25,0.0
16.78,0.0
16.69,0.0
16.82,0.0
16.82,0.0
16.84,0.0
16.92,0.0
16.93,89.4
17.68,157.7
18.57,179.45
19.12,262.1
19.71,164.05
19.8,231.2
20.62,420.7
22.17,483.95
23.28,604.7
26.12,354.75
25.43,219.65
24.28,101.0
22.5,33.3
20.22,9.75
18.76,1.05
18.04,0.0
17.72,0.0
17.53,0.0
17.36,0.0
17.2,0.0
17.08,0.0
16.9,0.0
16.87,0.0
16.74,0.0
16.48,33.75
16.53,52.5
16.46,117.95
16.44,223.7
17.15,471.65
18.41,563.45
19.32,693.55
20.44,686.6
21.24,642.8
21.68,486.45
22.08,398.2
22.15,344.95
21.9,174.4
21.0,82.9
19.92,7.05
18.43,0.0
17.13,0.0
16.15,0.0
15.45,0.0
14.61,0.0
13.94,0.0
13.69,0.0
13.58,0.0
13.76,0.0
14.32,32.05
15.0,42.8
15.11,68.35
15.31,46.3
15.18,94.25
15.44,115.85
15.1,70.95
14.39,209.55
14.6,275.45
15.92,313.0
16.48,354.9
16.99,409.8
17.43,264.7
17.32,105.15
16.72,7.45
15.51,0.0
14.67,0.0
14.23,0.0
14.01,0.0
13.92,0.0
13.65,0.0
13.13,0.0
13.03,0.0
13.03,0.0
13.2,77.9
13.66,120.25
14.04,171.1
14.54,165.85
14.98,317.4
16.11,449.05
17.08,506.4
17.87,674.1
18.98,668.05
19.59,657.5
20.09,464.55
20.12,302.6
18.77,210.6
18.09,101.55
17.49,7.65
16.65,0.0
15.89,0.0
15.28,0.0
14.83,0.0
14.3,0.0
13.93,0.0
13.65,0.0
13.28,0.0
12.95,0.0
12.99,155.7
14.17,326.9
15.82,497.05
17.38,664.6
18.91,803.65
20.44,861.75
21.61,909.45
22.55,916.6
23.2,715.75
23.27,711.6
23.48,529.2
23.22,430.15
22.72,246.1
21.72,112.8
20.62,7.3
18.92,0.0
17.66,0.0
16.74,0.0
15.96,0.0
15.36,0.0
14.88,0.0
14.26,0.0
13.8,0.0
13.4,0.0
13.75,116.35
15.36,226.35
17.17,367.35
18.99,525.95
20.55,598.1
21.88,757.15
23.35,894.0
24.55,780.6
24.93,615.6
24.69,490.4
24.58,392.8
24.31,235.85
23.16,161.95
21.93,77.7
20.87,6.0
19.48,0.0
18.73,0.0
18.25,0.0
17.8,0.0
17.43,0.0
17.0,0.0
17.09,0.0
16.77,0.0
16.45,0.0
16.44,110.35
16.81,218.15
17.32,425.15
18.24,642.6
19.29,741.65
20.07,834.75
20.63,773.8
20.97,734.25
21.32,672.55
21.88,456.2
21.47,340.3
21.09,215.65
20.53,179.1
20.09,106.3
19.24,8.55
18.12,0.0
16.94,0.0
16.14,0.0
15.55,0.0
15.12,0.0
14.7,0.0
14.65,0.0
14.41,0.0
14.15,0.0
14.1,151.9
15.52,327.5
17.29,501.55
19.07,663.05
20.74,801.1
22.31,765.4
23.42,578.0
23.89,562.9
24.28,604.75
25.18,503.5
25.37,393.8
25.4,303.75
24.82,216.1
23.97,104.0
22.45,7.05
20.84,0.0
19.63,0.0
18.67,0.0
18.03,0.0
17.31,0.0
16.65,0.0
15.72,0.0
15.14,0.0
14.64,0.0
14.58,153.4
15.68,321.9
17.18,496.65
18.72,660.25
20.13,775.6
21.42,826.8
22.52,809.05
23.28,737.65
23.76,434.1
23.46,356.4
23.55,437.3
23.9,426.4
24.11,291.3
23.94,124.75
23.14,8.7
21.36,0.0
19.91,0.0
19.15,0.0
18.96,0.0
18.91,0.0
19.29,0.0
19.56,0.0
19.58,0.0
19.32,0.0
18.97,36.9
19.19,98.5
19.55,149.4
19.85,147.5
20.07,230.75
20.94,311.2
21.88,407.25
22.9,496.0
24.3,596.2
26.43,411.15
25.75,238.95
24.75,92.75
23.44,48.45
22.35,25.0
21.55,2.45
20.93,0.0
20.38,0.0
20.46,0.0
20.61,0.0
20.73,0.0
20.7,0.0
21.14,0.0
21.28,0.0
20.99,0.0
20.72,96.6
20.91,274.45
21.28,420.65
21.37,561.1
21.74,761.75
22.59,747.5
23.15,721.2
23.23,663.45
23.35,635.7
23.91,571.7
24.1,465.15
23.75,356.5
23.1,213.05
21.73,56.6
20.15,5.3
17.83,0.0
15.39,0.0
13.63,0.0
12.89,0.0
12.39,0.0
12.1,0.0
12.33,0.0
12.06,0.0
11.71,0.0
11.59,37.85
11.66,41.15
11.5,50.55
11.4,84.7
11.53,126.95
11.87,85.4
12.12,95.35
12.3,124.35
12.59,115.75
12.65,164.85
13.37,207.0
14.56,202.8
15.56,119.7
15.78,62.15
15.52,10.25
15.03,0.0
14.66,0.0
14.3,0.0
13.9,0.0
13.4,0.0
12.92,0.0
12.03,0.0
11.83,0.0
11.52,0.0
11.34,166.1
12.13,344.7
13.33,527.6
14.4,696.15
15.51,828.55
16.73,907.15
17.84,961.6
18.89,1005.85
19.88,911.85
20.59,734.25
21.01,599.7
21.25,430.95
21.01,217.75
20.11,126.95
18.61,8.5
17.16,0.0
16.23,0.0
15.42,0.0
14.86,0.0
14.11,0.0
13.49,0.0
12.72,0.0
12.06,0.0
11.45,0.0
11.07,136.65
13.16,296.6
14.92,506.7
16.48,676.55
17.92,809.8
19.3,908.15
20.63,958.25
21.74,951.05
22.62,901.55
23.27,789.25
23.69,588.9
23.73,429.85
23.57,247.8
22.53,87.65
20.88,11.55
19.52,0.0
18.68,0.0
17.82,0.0
17.04,0.0
16.4,0.0
15.57,0.0
15.02,0.0
14.67,0.0
14.35,0.0
14.3,66.5
15.01,132.3
16.18,145.65
16.51,206.3
17.04,243.8
17.38,196.95
17.05,209.65
16.65,231.7
16.55,615.85
20.66,296.15
19.66,146.05
18.65,120.15
17.71,89.05
16.67,36.75
15.92,3.5
15.07,0.0
14.86,0.0
14.9,0.0
14.86,0.0
14.91,0.0
15.19,0.0
15.68,0.0
15.74,0.0
15.85,0.0
15.93,38.0
16.23,110.75
16.86,226.8
17.87,330.35
19.06,485.65
20.42,611.05
21.69,726.35
22.84,819.8
23.93,631.35
23.63,563.35
23.59,450.2
23.22,306.6
22.57,172.3
21.67,70.05
20.66,5.35
19.85,0.0
19.26,0.0
17.76,0.0
16.93,0.0
16.08,0.0
15.91,0.0
16.19,0.0
16.0,0.0
15.78,0.0
15.66,12.65
15.64,16.8
15.69,31.65
15.87,33.85
16.0,28.85
16.05,27.55
16.06,62.75
16.24,72.15
16.35,96.9
17.06,94.25
17.41,89.0
17.84,98.25
18.17,52.3
18.05,25.8
17.81,2.75
17.55,0.0
17.18,0.0
17.08,0.0
16.84,0.0
16.57,0.0
16.41,0.0
15.95,0.0
15.83,0.0
16.03,0.0
16.04,79.85
16.6,212.2
17.58,369.05
18.93,417.25
20.17,484.4
21.33,571.65
22.55,694.25
23.69,832.65
24.71,407.6
24.67,625.8
25.41,534.05
25.61,399.8
25.59,262.9
25.1,119.55
23.72,8.45
22.17,0.0
21.05,0.0
20.44,0.0
19.82,0.0
19.48,0.0
18.94,0.0
18.33,0.0
17.84,0.0
17.47,0.0
17.48,141.65
18.91,303.4
20.66,476.45
22.25,640.1
23.66,754.35
24.86,817.5
25.84,835.2
26.67,714.25
27.08,703.9
27.98,691.75
28.29,518.55
28.33,379.75
28.24,241.05
27.79,116.55
26.7,9.55
24.75,0.0
23.36,0.0
22.37,0.0
21.54,0.0
20.99,0.0
20.55,0.0
20.03,0.0
19.68,0.0
19.45,0.0
19.71,135.9
21.36,277.1
23.48,467.45
25.29,634.7
26.86,766.8
28.26,866.9
29.35,868.55
30.05,803.2
30.23,753.25
30.65,625.25
30.55,475.8
30.27,308.5
29.08,178.85
27.88,80.95
26.34,8.25
25.06,0.0
24.1,0.0
23.44,0.0
22.65,0.0
21.65,0.0
21.48,0.0
21.5,0.0
21.39,0.0
21.13,0.0
20.83,18.95
20.74,59.1
20.93,61.1
20.64,348.75
21.34,683.75
22.7,853.15
23.59,870.85
23.8,823.55
23.7,802.4
23.24,672.4
22.91,517.05
22.52,361.95
21.94,215.8
21.2,115.35
20.43,9.8
19.37,0.0
18.69,0.0
18.0,0.0
17.49,0.0
17.05,0.0
16.73,0.0
16.35,0.0
15.85,0.0
15.33,0.0
15.16,128.6
16.18,292.15
17.3,465.7
18.34,613.95
19.34,681.4
20.01,731.0
20.67,723.75
21.31,599.6
21.65,594.4
22.3,499.0
22.44,453.15
22.42,353.65
22.21,232.75
21.74,120.0
20.68,9.7
19.25,0.0
18.29,0.0
17.59,0.0
17.04,0.0
16.56,0.0
16.14,0.0
15.74,0.0
15.29,0.0
14.88,0.0
14.92,137.55
16.22,284.95
17.88,450.4
19.43,608.05
20.91,765.25
22.32,897.0
23.59,916.75
24.42,772.1
24.71,781.35
24.62,386.7
21.44,227.25
20.17,86.9
19.16,67.5
18.67,51.2
18.16,8.0
17.5,0.0
16.98,0.0
16.3,0.0
15.76,0.0
15.42,0.0
14.84,0.0
14.15,0.0
13.72,0.0
13.32,0.0
13.18,147.45
15.04,305.8
16.52,468.7
17.96,644.25
19.38,663.2
20.14,772.8
22.62,678.2
22.42,651.2
22.22,359.95
22.03,558.85
21.83,548.75
21.63,283.8
21.43,143.3
21.23,60.15
21.03,5.8
20.84,0.0
20.64,0.0
20.44,0.0
20.24,0.0
20.04,0.0
19.84,0.0
19.65,0.0
18.92,0.0
18.63,0.0
18.59,67.35
19.46,107.8
19.99,95.8
20.24,67.75
20.31,103.8
20.82,123.6
21.26,130.1
21.71,120.8
21.98,91.75
21.9,62.95
22.0,138.25
22.69,169.3
22.88,103.6
22.45,55.95
22.07,7.55
21.54,0.0
21.05,0.0
20.66,0.0
20.47,0.0
20.18,0.0
19.92,0.0
19.91,0.0
19.56,0.0
18.97,0.0
18.55,81.5
18.52,130.6
18.81,256.65
19.58,449.6
20.71,492.1
21.63,497.3
22.11,674.5
22.68,795.25
23.46,653.95
22.63,541.05
22.98,462.95
23.11,427.25
23.26,228.35
22.82,98.6
21.87,8.15
20.77,0.0
19.95,0.0
19.29,0.0
18.37,0.0
17.61,0.0
16.96,0.0
17.03,0.0
16.92,0.0
16.58,0.0
16.34,134.1
16.72,284.4
17.44,382.0
18.23,560.8
19.32,720.45
20.5,819.0
21.61,822.95
22.48,697.45
22.79,597.25
22.86,525.5
23.14,386.1
22.96,311.6
22.64,165.8
21.76,91.35
21.02,8.0
19.82,0.0
18.9,0.0
17.98,0.0
17.25,0.0
16.57,0.0
16.03,0.0
15.99,0.0
15.44,0.0
14.9,0.0
14.73,128.0
16.46,302.5
18.39,479.35
19.79,642.2
21.08,767.95
22.16,722.4
22.62,642.95
22.99,563.85
23.26,620.9
24.38,461.05
24.51,469.6
24.77,398.85
24.66,231.6
23.62,110.15
22.4,7.7
20.98,0.0
19.62,0.0
18.4,0.0
17.13,0.0
16.54,0.0
16.0,0.0
14.64,0.0
14.79,0.0
14.93,0.0
14.96,141.3
16.29,310.75
18.67,489.15
20.54,654.75
22.3,790.35
23.94,897.95
25.3,935.45
26.08,941.55
26.37,884.05
26.46,787.4
26.5,632.9
26.41,475.8
26.14,289.6
25.39,130.25
23.93,9.1
22.16,0.0
20.63,0.0
19.64,0.0
18.91,0.0
18.33,0.0
17.94,0.0
17.66,0.0
17.36,0.0
17.22,0.0
17.45,128.6
18.92,267.5
20.82,468.2
22.64,557.55
23.98,671.75
24.83,769.8
25.81,708.15
26.34,715.7
26.63,681.1
27.32,642.15
27.34,420.5
26.9,436.95
26.67,255.5
25.81,113.85
24.61,8.75
23.16,0.0
22.21,0.0
21.51,0.0
20.96,0.0
20.53,0.0
20.16,0.0
20.37,0.0
19.93,0.0
19.41,0.0
19.24,60.0
19.65,120.05
20.13,243.0
21.1,369.25
22.33,554.8
23.95,595.9
25.29,644.4
26.08,747.85
26.89,751.3
26.87,555.2
25.78,298.85
23.6,218.8
23.03,177.4
22.89,70.35
22.61,7.55
21.68,0.0
20.39,0.0
19.79,0.0
19.7,0.0
19.51,0.0
19.34,0.0
19.34,0.0
18.8,0.0
18.47,0.0
18.61,53.65
19.49,77.25
19.77,100.95
19.74,31.45
18.92,37.6
18.73,223.9
19.18,329.85
19.76,273.5
20.16,584.5
20.87,399.45
21.41,436.2
22.3,372.0
22.76,190.85
21.43,84.7
20.15,7.5
19.41,0.0
18.87,0.0
18.32,0.0
17.7,0.0
17.14,0.0
16.63,0.0
16.17,0.0
15.74,0.0
15.45,0.0
15.39,119.8
16.26,205.5
17.25,367.0
18.36,517.9
19.47,718.75
20.79,862.05
21.96,860.85
22.77,727.0
23.01,760.05
23.8,591.8
23.54,414.25
23.15,349.8
22.63,205.65
21.63,75.35
20.45,6.05
19.66,0.0
18.93,0.0
18.19,0.0
17.88,0.0
17.75,0.0
17.64,0.0
18.12,0.0
18.06,0.0
17.81,0.0
17.33,15.75
17.15,49.7
17.3,152.65
17.98,252.05
19.04,314.55
20.02,265.5
20.4,597.3
21.81,655.65
22.8,600.15
24.23,236.1
23.09,204.3
23.13,225.2
23.33,120.25
23.0,63.45
22.36,6.25
21.35,0.0
20.55,0.0
19.97,0.0
19.64,0.0
19.26,0.0
19.23,0.0
18.63,0.0
18.37,0.0
18.05,0.0
18.03,88.4
18.68,217.15
19.96,320.85
21.09,342.8
22.01,446.65
22.92,463.4
23.63,694.85
24.68,807.05
25.59,794.05
26.32,616.8
26.37,533.4
26.36,358.65
25.93,148.35
24.54,67.9
23.14,5.7
22.2,0.0
21.37,0.0
20.84,0.0
20.39,0.0
19.78,0.0
18.9,0.0
18.66,0.0
18.46,0.0
18.21,0.0
17.87,84.55
17.86,188.7
18.06,330.4
18.46,326.7
18.53,461.9
19.01,398.45
18.94,411.7
19.0,564.35
19.56,482.95
20.33,381.6
20.03,417.15
19.99,268.1
19.59,149.0
19.07,47.65
18.37,4.8
17.94,0.0
17.61,0.0
17.07,0.0
16.72,0.0
16.6,0.0
16.47,0.0
15.53,0.0
15.31,0.0
14.78,0.0
14.77,38.1
15.0,67.8
15.41,114.85
15.96,394.5
17.74,557.85
19.2,753.15
20.83,771.5
22.02,574.2
22.43,578.95
22.23,452.35
22.34,407.7
22.32,340.95
22.18,218.05
21.59,117.05
20.67,7.7
19.16,0.0
17.94,0.0
16.94,0.0
16.2,0.0
15.47,0.0
14.78,0.0
14.22,0.0
14.02,0.0
13.98,0.0
14.04,113.25
15.38,252.05
17.04,378.1
18.54,553.35
20.02,665.75
21.33,678.9
22.44,547.65
22.73,409.0
22.74,135.1
20.83,164.25
20.63,111.5
20.13,62.0
19.69,39.75
19.42,14.5
19.09,2.45
18.71,0.0
18.54,0.0
18.42,0.0
18.26,0.0
18.28,0.0
18.22,0.0
18.18,0.0
18.2,0.0
18.08,0.0
17.97,20.1
17.99,36.6
18.16,64.5
18.46,123.7
18.99,169.75
19.84,300.75
21.13,372.3
22.27,479.35
23.35,612.15
24.6,613.85
25.43,527.6
25.72,371.45
25.55,196.0
24.59,104.15
23.51,6.2
22.42,0.0
21.61,0.0
20.89,0.0
20.27,0.0
19.85,0.0
19.43,0.0
18.87,0.0
18.66,0.0
18.5,0.0
18.38,99.7
19.07,207.55
20.07,368.65
21.08,596.6
22.44,723.7
23.58,827.0
24.59,907.2
25.36,694.0
25.5,621.05
25.58,430.65
25.43,440.5
25.18,384.75
24.78,231.3
23.61,79.15
23.07,6.7
21.91,0.0
20.84,0.0
20.36,0.0
20.45,0.0
20.26,0.0
19.96,0.0
19.46,0.0
18.83,0.0
17.49,0.0
17.21,81.9
18.85,177.15
19.98,310.05
21.38,338.7
22.19,425.9
23.17,464.05
23.17,603.35
23.54,627.05
24.05,623.15
24.29,467.45
24.57,326.85
24.62,253.55
24.54,214.2
24.41,86.6
23.59,6.25
21.99,0.0
20.53,0.0
20.32,0.0
20.03,0.0
19.86,0.0
19.6,0.0
19.32,0.0
19.01,0.0
18.79,0.0
18.59,84.95
19.54,213.8
20.56,336.25
21.71,418.45
22.79,578.0
23.99,607.35
24.79,752.8
25.74,782.4
26.5,665.05
26.45,657.85
26.84,533.9
26.87,386.55
26.6,261.15
25.99,112.25
24.75,6.0
23.35,0.0
22.49,0.0
21.82,0.0
21.25,0.0
20.73,0.0
20.27,0.0
20.12,0.0
19.76,0.0
19.48,0.0
19.32,93.15
20.01,237.2
21.31,430.4
22.66,596.7
23.95,725.15
25.22,806.15
26.33,894.35
27.28,818.75
27.8,534.25
26.54,231.55
25.5,311.85
26.01,193.9
25.01,138.6
24.66,84.95
23.88,4.25
22.86,0.0
22.3,0.0
21.67,0.0
21.37,0.0
20.99,0.0
20.52,0.0
20.36,0.0
19.71,0.0
19.15,0.0
18.97,84.0
20.36,162.4
21.04,258.2
22.28,419.3
23.63,600.35
25.1,789.55
26.26,762.7
27.1,754.9
27.71,698.15
25.93,508.8
24.12,405.65
24.61,300.3
25.09,234.95
25.07,100.25
24.36,5.3
23.28,0.0
22.57,0.0
22.04,0.0
21.28,0.0
20.51,0.0
19.88,0.0
19.42,0.0
19.03,0.0
18.68,0.0
18.47,106.65
19.2,262.3
20.42,442.45
21.77,589.75
23.09,735.5
24.46,800.1
25.51,810.05
26.25,669.1
26.24,605.65
26.65,627.35
26.83,500.35
26.43,372.8
26.13,234.65
25.22,92.55
24.1,4.75
22.92,0.0
22.14,0.0
21.46,0.0
20.98,0.0
20.4,0.0
19.79,0.0
18.65,0.0
18.01,0.0
17.84,0.0
17.7,69.65
18.08,157.9
18.73,337.4
19.56,424.85
20.15,446.65
20.58,582.6
21.29,811.65
22.47,873.95
23.6,766.4
24.11,618.1
24.47,567.5
24.75,450.75
24.7,242.9
24.02,100.15
22.88,5.05
21.51,0.0
20.32,0.0
19.31,0.0
18.56,0.0
17.51,0.0
16.49,0.0
15.9,0.0
15.34,0.0
14.77,0.0
14.34,102.75
14.95,270.7
16.5,454.0
18.11,611.85
19.58,752.1
20.72,840.4
21.54,866.0
22.14,898.2
22.67,859.1
22.65,719.5
22.79,619.2
22.8,451.4
22.63,275.5
22.22,104.55
21.21,5.0
19.88,0.0
18.88,0.0
18.11,0.0
17.7,0.0
17.45,0.0
17.3,0.0
17.16,0.0
17.17,0.0
16.93,0.0
16.91,33.9
16.9,73.3
17.12,110.1
17.46,165.9
18.0,155.0
17.81,124.6
17.27,79.2
17.01,101.4
17.08,110.6
17.1,71.35
16.81,62.55
16.52,38.7
16.38,28.3
16.63,9.45
16.65,0.8
16.38,0.0
16.39,0.0
16.21,0.0
15.85,0.0
15.75,0.0
15.51,0.0
14.69,0.0
14.83,0.0
14.79,0.0
14.82,8.1
14.96,21.55
15.16,60.25
15.56,138.5
16.23,278.85
17.35,396.3
18.55,424.7
19.38,377.55
19.88,532.65
21.47,475.45
21.76,485.1
22.02,430.8
22.1,264.15
21.73,102.55
20.54,4.05
19.09,0.0
18.1,0.0
17.34,0.0
16.7,0.0
15.98,0.0
15.23,0.0
14.56,0.0
14.3,0.0
13.99,0.0
13.97,80.55
15.29,229.35
17.0,405.7
18.72,597.85
20.29,735.0
21.62,730.65
22.56,617.0
22.99,522.85
23.11,373.15
22.91,284.85
22.85,260.05
22.59,162.9
21.98,88.9
21.4,27.8
20.75,2.0
20.15,0.0
19.82,0.0
19.56,0.0
19.3,0.0
18.86,0.0
18.39,0.0
18.35,0.0
18.31,0.0
18.36,0.0
18.4,17.8
18.63,45.35
18.9,83.85
19.35,160.3
19.94,370.5
21.06,580.4
22.41,741.9
23.55,708.8
24.34,607.55
24.38,515.6
24.63,477.4
23.59,366.95
22.62,159.35
22.22,33.55
21.3,2.35
20.48,0.0
19.73,0.0
18.96,0.0
18.36,0.0
17.94,0.0
17.61,0.0
16.84,0.0
16.1,0.0
15.34,0.0
14.82,96.6
15.4,266.4
16.58,448.65
17.62,631.65
18.64,774.3
19.65,753.45
20.3,741.3
20.83,683.1
21.19,674.35
21.89,606.1
22.37,503.2
22.53,419.85
22.6,253.35
22.16,36.8
20.96,3.25
18.71,0.0
17.23,0.0
16.12,0.0
15.38,0.0
14.72,0.0
14.09,0.0
16.12,0.0
13.84,0.0
12.54,0.0
12.79,73.85
13.71,200.1
14.75,364.65
16.44,576.95
18.23,747.5
19.8,763.1
20.74,889.75
21.6,834.35
21.97,784.25
22.48,710.8
22.73,599.05
22.92,444.8
22.82,261.45
22.02,33.5
20.59,2.8
19.04,0.0
17.65,0.0
16.39,0.0
15.65,0.0
15.23,0.0
14.92,0.0
15.12,0.0
13.67,0.0
13.63,0.0
15.22,90.5
15.5,255.2
17.11,435.75
19.13,605.35
20.76,746.95
22.22,848.35
23.46,901.35
24.49,901.55
25.27,846.9
25.56,744.5
25.77,607.2
25.72,434.3
25.3,246.6
24.15,33.2
22.59,2.4
21.31,0.0
20.53,0.0
19.97,0.0
19.6,0.0
19.28,0.0
19.04,0.0
18.57,0.0
18.37,0.0
18.18,0.0
17.81,73.05
18.42,224.3
20.09,376.5
21.33,528.1
22.68,635.3
24.05,545.8
26.68,660.15
26.44,684.45
26.21,694.8
25.97,657.55
25.74,470.35
25.51,311.7
25.27,192.7
25.04,29.6
24.8,1.75
24.57,0.0
24.33,0.0
24.1,0.0
23.86,0.0
23.63,0.0
23.4,0.0
23.16,0.0
21.08,0.0
20.69,0.0
20.41,36.0
20.58,91.7
20.94,106.35
20.73,122.75
20.68,103.8
20.64,126.0
20.91,271.3
21.81,260.7
22.53,520.35
25.16,498.05
26.02,506.65
26.59,349.9
26.54,186.7
26.19,26.05
24.9,1.5
23.72,0.0
22.6,0.0
22.86,0.0
21.57,0.0
21.21,0.0
20.74,0.0
20.94,0.0
20.67,0.0
20.29,0.0
19.95,68.15
20.42,208.0
21.71,406.55
23.4,562.1
25.13,635.05
26.43,720.55
27.43,724.55
28.12,845.45
28.99,729.2
29.34,633.85
29.55,528.1
29.45,370.55
29.15,194.7
28.31,34.05
27.03,1.5
25.85,0.0
25.16,0.0
24.44,0.0
23.99,0.0
23.54,0.0
23.19,0.0
22.6,0.0
22.2,0.0
21.79,0.0
21.48,31.55
21.85,149.6
22.64,307.6
23.69,391.05
24.3,533.75
24.98,641.5
25.69,742.55
26.44,772.75
27.0,788.95
28.01,663.35
27.95,529.0
27.84,404.4
27.57,226.05
26.89,31.35
25.6,1.3
24.14,0.0
22.92,0.0
21.76,0.0
20.83,0.0
19.88,0.0
19.12,0.0
18.92,0.0
18.58,0.0
18.23,0.0
17.99,38.85
19.0,185.85
20.95,354.05
23.21,514.3
25.41,588.6
26.96,717.3
28.45,783.8
29.86,796.1
31.05,802.55
31.98,707.75
32.67,536.65
32.93,377.2
32.7,201.3
31.74,28.6
29.88,1.0
28.45,0.0
27.61,0.0
27.06,0.0
26.41,0.0
25.87,0.0
25.41,0.0
25.13,0.0
24.74,0.0
24.45,0.0
24.18,31.05
24.54,213.05
25.5,357.3
26.76,486.9
28.06,558.35
29.4,614.35
30.89,700.65
32.71,539.2
31.52,184.7
26.57,261.0
26.62,359.25
28.09,270.7
28.17,100.15
25.17,12.95
23.94,0.1
23.05,0.0
22.75,0.0
22.51,0.0
21.98,0.0
21.22,0.0
20.33,0.0
19.93,0.0
19.24,0.0
18.68,0.0
18.13,28.7
18.31,224.95
19.03,387.7
19.71,471.8
20.34,445.55
20.92,498.75
21.6,361.3
21.75,349.7
22.08,329.75
22.22,436.95
22.9,366.5
23.09,287.65
23.01,217.85
22.59,27.35
21.56,0.65
20.49,0.0
19.51,0.0
18.37,0.0
17.68,0.0
17.4,0.0
17.26,0.0
16.73,0.0
16.45,0.0
16.2,0.0
16.0,27.5
16.7,228.55
18.66,408.8
20.36,578.25
22.06,720.1
23.7,822.65
25.16,886.1
26.33,842.05
27.1,666.95
27.76,526.25
27.78,388.25
27.56,270.65
27.08,163.0
26.16,22.95
24.85,0.35
23.67,0.0
22.73,0.0
21.91,0.0
21.84,0.0
21.17,0.0
19.23,0.0
18.77,0.0
18.43,0.0
18.1,0.0
17.67,25.45
18.19,205.15
19.7,391.45
21.22,550.3
22.57,627.8
23.73,708.55
24.73,762.0
25.63,782.75
26.47,672.75
26.9,568.75
27.16,491.3
27.25,259.4
27.09,144.6
25.85,24.45
25.31,0.2
24.32,0.0
23.23,0.0
22.11,0.0
21.52,0.0
20.98,0.0
20.22,0.0
20.66,0.0
20.03,0.0
19.49,0.0
19.1,35.85
19.29,150.0
20.08,273.8
21.16,337.65
22.08,395.7
23.01,369.35
23.44,474.35
23.94,529.55
24.42,527.8
25.49,379.2
25.14,242.5
23.96,187.05
23.36,61.15
22.4,14.8
21.39,0.05
20.26,0.0
19.65,0.0
19.32,0.0
19.06,0.0
18.87,0.0
18.77,0.0
18.88,0.0
18.8,0.0
18.84,0.0
18.82,28.5
19.31,105.85
20.11,159.15
21.07,240.15
22.17,329.2
23.43,313.05
24.05,364.3
24.25,322.7
23.09,256.6
22.77,197.35
22.05,134.8
21.25,72.55
20.55,29.75
20.3,9.65
20.07,0.0
19.79,0.0
19.71,0.0
19.41,0.0
19.06,0.0
18.8,0.0
18.59,0.0
18.92,0.0
18.99,0.0
19.07,0.0
19.09,19.25
19.47,109.0
20.4,274.2
21.82,418.0
23.3,412.55
24.47,458.7
25.44,579.65
26.38,553.75
26.93,472.0
26.81,371.7
27.16,202.45
26.56,208.0
26.17,125.95
25.21,23.6
23.94,0.0
22.68,0.0
21.71,0.0
21.17,0.0
21.0,0.0
20.89,0.0
20.76,0.0
20.31,0.0
20.04,0.0
19.63,0.0
19.46,26.9
19.65,168.25
20.38,321.0
21.22,537.8
22.52,666.35
23.6,708.15
24.53,624.35
25.06,630.5
25.73,519.95
25.62,480.95
25.82,351.7
25.58,312.05
25.55,118.3
24.68,16.1
23.54,0.0
22.62,0.0
21.92,0.0
21.4,0.0
21.02,0.0
20.64,0.0
20.22,0.0
19.9,0.0
19.65,0.0
19.4,0.0
19.37,19.4
19.44,145.1
19.99,276.7
20.89,355.3
21.7,594.9
22.87,610.2
23.71,658.1
24.37,584.55
24.73,628.0
25.32,560.05
25.57,408.55
25.38,252.2
24.99,131.25
24.3,18.95
23.29,0.0
22.31,0.0
21.61,0.0
21.1,0.0
20.58,0.0
20.08,0.0
19.87,0.0
19.45,0.0
19.09,0.0
18.87,0.0
18.59,23.0
19.05,130.25
20.41,252.55
21.57,348.7
22.52,391.3
23.31,427.95
24.0,590.75
24.82,538.0
25.23,485.1
24.87,425.35
25.06,493.45
25.48,225.5
23.8,110.8
23.39,12.0
22.68,0.0
21.96,0.0
21.51,0.0
21.14,0.0
20.55,0.0
19.98,0.0
19.43,0.0
19.17,0.0
18.99,0.0
18.85,0.0
19.16,0.0
19.12,52.55
19.51,129.3
19.97,152.45
20.41,209.7
20.93,284.55
21.73,425.4
22.55,565.9
23.44,486.85
24.21,596.15
24.56,395.55
24.33,272.15
24.3,141.6
23.75,18.9
22.85,0.0
21.85,0.0
20.77,0.0
19.98,0.0
19.63,0.0
19.31,0.0
19.15,0.0
18.82,0.0
18.46,0.0
18.22,0.0
17.97,0.0
18.18,138.7
19.26,271.8
20.42,409.65
21.75,484.75
22.77,468.65
23.33,709.95
24.44,627.35
24.85,658.4
25.09,572.55
25.38,441.05
25.38,363.6
25.42,184.1
24.93,17.5
23.73,0.0
23.55,0.0
21.22,0.0
20.0,0.0
19.44,0.0
19.01,0.0
18.69,0.0
18.43,0.0
18.0,0.0
17.76,0.0
17.86,0.0
18.8,166.5
20.34,281.15
22.03,340.4
23.24,280.95
23.7,334.95
24.19,234.25
24.39,185.8
22.83,348.85
22.75,315.35
23.44,274.1
23.89,238.85
23.88,154.6
23.16,11.7
22.15,0.0
21.24,0.0
20.38,0.0
19.62,0.0
18.95,0.0
18.27,0.0
17.71,0.0
16.98,0.0
16.51,0.0
16.1,0.0
15.68,0.0
15.83,194.25
16.56,356.25
17.48,495.7
18.4,536.9
18.98,607.05
19.5,677.4
20.11,506.45
20.22,481.05
20.7,528.6
21.03,496.85
21.16,342.7
20.86,187.0
20.18,15.9
18.87,0.0
17.82,0.0
16.85,0.0
15.85,0.0
15.0,0.0
14.33,0.0
13.94,0.0
13.67,0.0
13.33,0.0
13.1,0.0
12.96,0.0
13.59,191.2
15.78,372.55
17.66,544.3
19.39,688.15
20.92,738.85
22.06,716.3
22.73,640.95
23.14,621.7
23.25,545.95
23.44,430.95
23.44,274.9
23.15,119.2
22.13,19.85
20.84,0.0
19.28,0.0
18.3,0.0
17.39,0.0
16.58,0.0
15.8,0.0
15.26,0.0
15.02,0.0
14.5,0.0
14.52,0.0
15.3,0.0
15.55,189.7
17.59,371.5
19.57,529.95
21.11,680.25
22.44,792.0
23.49,747.45
23.9,684.5
24.05,534.9
23.52,450.55
23.5,459.95
23.43,292.4
22.86,135.8
21.91,11.15
20.81,0.0
19.57,0.0
18.67,0.0
17.84,0.0
17.26,0.0
16.6,0.0
16.2,0.0
15.98,0.0
15.4,0.0
14.85,0.0
14.7,0.0
14.83,125.25
16.8,260.55
18.43,467.65
20.25,657.75
21.44,650.15
21.94,713.9
22.51,725.9
23.0,487.95
23.01,384.0
22.67,307.65
22.42,222.35
22.06,117.4
21.27,11.4
20.12,0.0
19.11,0.0
18.37,0.0
17.79,0.0
17.16,0.0
16.71,0.0
16.32,0.0
16.09,0.0
15.76,0.0
15.61,0.0
15.46,0.0
15.66,175.4
17.4,356.65
19.08,530.55
20.72,677.35
22.25,640.85
23.14,751.85
24.19,746.15
24.78,665.25
24.96,524.9
24.84,378.8
24.47,269.65
23.97,136.2
22.78,12.65
21.41,0.0
19.6,0.0
18.54,0.0
18.41,0.0
18.28,0.0
18.01,0.0
17.79,0.0
17.81,0.0
17.64,0.0
17.43,0.0
17.18,0.0
17.31,180.4
18.77,339.15
20.4,482.15
21.88,614.95
23.36,698.85
24.62,683.1
25.51,727.9
26.24,728.45
26.6,546.65
26.25,346.85
25.16,249.8
24.23,130.95
23.31,9.6
22.16,0.0
21.15,0.0
20.17,0.0
19.13,0.0
18.3,0.0
17.76,0.0
17.53,0.0
16.91,0.0
16.5,0.0
15.9,0.0
15.6,0.0
15.55,171.4
16.9,351.75
18.73,517.7
20.61,667.1
22.33,771.2
23.64,824.95
24.59,826.6
25.29,763.25
26.28,656.4
26.54,499.4
26.44,338.7
26.09,149.9
24.78,11.0
23.15,0.0
21.86,0.0
20.93,0.0
20.3,0.0
19.96,0.0
19.79,0.0
19.57,0.0
18.42,0.0
17.57,0.0
17.17,0.0
17.1,0.0
17.45,153.75
20.07,340.5
22.38,507.45
24.52,649.25
26.36,749.95
27.86,802.7
29.05,741.7
29.77,706.55
30.03,539.15
30.17,429.2
30.2,263.95
29.65,127.85
28.32,7.95
26.63,0.0
25.3,0.0
24.59,0.0
24.02,0.0
23.45,0.0
22.98,0.0
22.29,0.0
21.37,0.0
20.85,0.0
20.42,0.0
20.02,0.0
20.05,161.05
21.83,341.8
23.69,487.15
25.15,649.85
26.6,750.85
27.92,800.95
28.99,797.9
29.7,719.2
29.79,595.55
29.94,447.65
29.87,268.0
29.31,123.2
28.06,8.85
26.49,0.0
25.33,0.0
24.63,0.0
24.17,0.0
23.68,0.0
23.0,0.0
22.32,0.0
21.26,0.0
20.83,0.0
20.56,0.0
20.46,0.0
20.62,140.95
21.8,273.55
23.42,423.85
24.98,566.65
26.25,674.45
27.3,641.8
27.88,584.7
28.18,333.6
26.85,165.4
25.98,129.45
24.32,75.9
23.7,32.3
23.08,4.9
22.45,0.0
22.08,0.0
21.77,0.0
21.7,0.0
21.31,0.0
20.96,0.0
20.53,0.0
20.01,0.0
19.94,0.0
20.04,0.0
19.95,0.0
19.84,96.95
20.19,269.95
20.83,338.85
21.31,375.7
21.56,549.05
22.04,697.85
22.66,743.5
22.98,522.15
22.75,457.55
22.58,442.85
22.11,262.0
20.88,114.2
19.69,7.85
18.58,0.0
17.77,0.0
17.06,0.0
16.18,0.0
15.62,0.0
15.29,0.0
14.87,0.0
14.11,0.0
13.61,0.0
13.2,0.0
12.89,0.0
13.09,163.9
14.7,339.1
16.6,485.05
18.4,645.05
20.1,742.95
21.44,798.15
22.56,808.85
23.33,731.4
23.62,616.3
23.75,380.2
23.37,225.6
22.69,117.85
21.69,6.7
20.61,0.0
19.53,0.0
18.78,0.0
18.13,0.0
17.55,0.0
17.05,0.0
16.69,0.0
16.01,0.0
15.67,0.0
15.33,0.0
15.11,0.0
15.19,150.8
16.3,333.85
17.97,495.25
19.73,649.1
21.61,740.5
23.36,799.35
24.91,743.9
25.98,686.3
26.73,569.8
27.21,443.1
27.4,271.65
26.89,118.0
25.68,6.1
24.28,0.0
23.22,0.0
22.63,0.0
22.29,0.0
22.17,0.0
22.05,0.0
21.83,0.0
21.84,0.0
21.76,0.0
21.66,0.0
21.37,0.0
21.26,87.65
21.48,156.75
21.69,312.9
23.11,351.45
22.31,336.55
24.75,306.55
24.25,382.4
23.76,446.9
23.27,193.05
22.77,129.65
22.28,44.9
21.79,21.8
21.3,2.25
20.8,0.0
20.31,0.0
19.82,0.0
19.33,0.0
18.83,0.0
18.34,0.0
17.85,0.0
17.35,0.0
16.04,0.0
15.54,0.0
15.07,0.0
14.96,145.15
16.21,312.2
17.25,469.55
18.28,571.8
19.35,647.2
20.38,649.2
21.18,641.2
21.79,496.4
22.02,471.65
22.32,323.45
22.21,197.55
21.8,76.3
20.94,6.0
19.9,0.0
19.15,0.0
18.63,0.0
18.22,0.0
17.83,0.0
17.38,0.0
16.77,0.0
15.56,0.0
14.99,0.0
14.58,0.0
14.27,0.0
14.18,116.65
14.94,240.7
15.95,376.0
16.89,426.35
17.71,490.05
18.54,360.6
18.68,214.3
18.42,162.0
18.43,161.25
18.4,135.5
18.2,114.3
17.96,36.85
17.58,1.85
17.22,0.0
17.06,0.0
16.84,0.0
16.54,0.0
16.17,0.0
15.69,0.0
15.42,0.0
15.15,0.0
14.66,0.0
14.17,0.0
13.82,0.0
13.85,137.3
15.1,288.7
16.63,415.9
17.97,328.1
18.64,362.4
19.25,562.2
20.29,514.35
21.08,545.1
21.84,465.25
22.05,341.8
22.01,201.2
21.48,66.25
20.48,3.05
19.69,0.0
18.91,0.0
18.41,0.0
17.86,0.0
17.2,0.0
16.71,0.0
16.12,0.0
15.42,0.0
14.84,0.0
14.43,0.0
13.98,0.0
13.86,140.25
15.13,323.6
16.77,505.05
18.34,642.05
19.8,757.95
21.11,805.95
22.12,794.05
22.82,722.65
23.34,620.1
23.54,467.0
23.39,285.5
22.94,108.25
21.67,3.25
20.2,0.0
19.15,0.0
18.08,0.0
17.06,0.0
16.67,0.0
16.79,0.0
17.17,0.0
17.06,0.0
17.02,0.0
17.11,0.0
17.26,0.0
17.31,63.15
17.69,88.8
18.12,114.7
18.5,176.6
19.15,283.75
20.2,390.8
21.47,342.65
21.77,197.85
21.38,184.25
21.15,30.15
19.91,34.6
19.54,36.0
19.32,1.8
18.99,0.0
18.74,0.0
18.43,0.0
18.09,0.0
17.69,0.0
17.4,0.0
17.17,0.0
17.13,0.0
16.86,0.0
16.72,0.0
16.25,0.0
16.06,121.3
17.1,237.95
18.25,402.95
19.54,384.25
19.83,500.2
20.46,350.15
19.76,445.1
20.45,423.35
19.7,514.15
19.89,273.35
18.05,128.15
18.13,80.25
17.79,1.9
17.39,0.0
17.26,0.0
17.04,0.0
16.92,0.0
16.71,0.0
16.35,0.0
15.82,0.0
15.2,0.0
14.89,0.0
14.58,0.0
14.36,0.0
14.32,132.85
15.29,293.3
16.57,413.8
17.77,393.7
18.67,460.3
19.63,457.8
20.41,382.0
20.9,352.85
20.7,255.3
20.86,263.8
21.04,165.2
20.81,33.1
20.17,1.9
18.46,0.0
17.53,0.0
17.01,0.0
16.76,0.0
16.73,0.0
16.69,0.0
16.91,0.0
17.09,0.0
17.77,0.0
17.9,0.0
17.66,0.0
17.61,81.1
18.22,228.65
19.64,358.65
21.31,496.95
23.34,469.9
24.49,490.9
25.07,449.6
24.77,260.35
23.11,100.4
21.4,68.6
20.7,71.65
20.43,31.0
20.1,0.75
19.69,0.0
19.45,0.0
19.12,0.0
18.77,0.0
18.35,0.0
18.24,0.0
18.05,0.0
17.32,0.0
17.01,0.0
16.62,0.0
16.23,0.0
15.96,112.2
17.37,252.0
18.87,353.85
20.12,479.0
21.27,566.75
22.27,557.9
22.9,483.7
23.17,464.35
22.82,421.75
22.73,263.0
21.12,169.15
19.79,30.15
19.27,0.75
18.9,0.0
18.43,0.0
17.83,0.0
17.44,0.0
17.1,0.0
16.66,0.0
16.43,0.0
15.9,0.0
15.47,0.0
15.02,0.0
14.8,0.0
14.53,79.65
14.91,187.5
15.53,306.0
16.26,526.65
17.4,612.3
18.32,715.1
19.26,639.55
19.79,599.1
19.74,454.8
19.98,354.7
19.81,229.9
19.28,30.0
18.18,0.7
17.33,0.0
16.44,0.0
15.6,0.0
14.85,0.0
14.18,0.0
13.64,0.0
13.35,0.0
13.47,0.0
13.32,0.0
13.29,0.0
13.25,0.0
13.14,97.75
14.5,236.7
16.44,391.5
18.12,525.6
19.67,630.45
21.03,681.6
21.96,593.25
22.51,407.55
22.54,228.35
22.55,183.0
22.55,94.75
21.98,17.0
21.22,0.35
20.58,0.0
19.94,0.0
19.57,0.0
19.03,0.0
18.98,0.0
19.22,0.0
19.52,0.0
19.87,0.0
20.24,0.0
19.89,0.0
19.06,0.0
18.87,24.5
18.69,115.55
19.02,272.45
19.89,440.95
20.41,624.85
21.15,600.7
21.44,679.3
21.93,605.85
22.8,567.55
22.79,405.3
22.38,228.2
21.6,26.5
20.41,0.3
19.06,0.0
17.91,0.0
16.91,0.0
15.96,0.0
15.97,0.0
15.89,0.0
15.63,0.0
15.62,0.0
15.71,0.0
15.74,0.0
15.63,0.0
15.93,45.5
16.28,176.25
17.37,331.9
18.39,384.2
18.97,468.8
19.5,444.25
19.75,386.45
19.8,300.05
20.54,220.55
20.22,208.65
19.79,151.0
19.34,25.25
18.36,0.05
17.4,0.0
16.81,0.0
16.24,0.0
15.39,0.0
14.44,0.0
13.56,0.0
12.83,0.0
12.55,0.0
12.16,0.0
11.82,0.0
11.73,0.0
11.53,111.7
12.92,281.45
14.62,448.1
16.18,592.3
17.68,671.85
18.89,643.75
19.71,624.5
20.47,550.95
20.89,466.45
21.45,291.2
21.74,140.95
21.27,19.5
20.4,0.0
19.96,0.0
20.02,0.0
19.73,0.0
19.29,0.0
19.36,0.0
19.66,0.0
20.15,0.0
20.73,0.0
20.7,0.0
20.45,0.0
20.57,0.0
20.51,18.4
20.48,77.35
20.78,81.65
20.79,107.7
20.53,164.05
19.95,252.2
20.12,283.15
20.28,382.35
21.0,392.0
21.22,270.25
20.82,130.55
19.98,31.6
19.01,0.0
18.36,0.0
17.76,0.0
17.18,0.0
16.5,0.0
15.82,0.0
14.91,0.0
14.82,0.0
12.97,0.0
12.77,0.0
12.34,0.0
12.21,0.0
13.27,109.45
14.13,280.25
16.17,454.6
18.09,559.1
19.42,590.65
20.33,621.95
20.98,661.65
21.56,628.2
22.04,514.3
22.21,379.4
22.13,213.0
21.69,20.35
20.53,0.0
18.77,0.0
17.4,0.0
16.47,0.0
15.83,0.0
15.29,0.0
15.0,0.0
14.95,0.0
14.94,0.0
15.16,0.0
15.54,0.0
15.73,0.0
16.02,81.0
17.3,216.15
19.01,346.7
20.59,479.85
22.0,496.85
23.0,447.95
23.62,538.45
24.46,490.4
24.97,343.3
24.95,245.95
24.56,163.5
24.0,14.2
22.97,0.0
22.2,0.0
21.69,0.0
21.19,0.0
20.69,0.0
20.23,0.0
19.67,0.0
19.32,0.0
18.95,0.0
18.74,0.0
18.55,0.0
18.47,0.0
18.39,34.35
18.95,75.35
19.62,165.7
20.44,286.65
21.08,404.65
21.67,516.95
22.29,606.0
22.92,598.7
22.48,554.7
22.62,370.15
22.32,172.05
21.44,26.5
20.04,0.0
18.2,0.0
16.77,0.0
15.84,0.0
15.31,0.0
14.93,0.0
14.54,0.0
14.11,0.0
13.22,0.0
12.77,0.0
12.39,0.0
12.05,0.0
11.79,101.35
12.69,273.65
14.27,445.35
15.63,578.3
16.75,680.85
17.57,724.1
18.2,712.8
18.71,644.55
19.04,520.15
19.21,373.25
19.17,198.2
18.92,16.95
17.95,0.0
15.8,0.0
14.7,0.0
13.94,0.0
13.3,0.0
12.7,0.0
12.35,0.0
11.98,0.0
11.51,0.0
11.35,0.0
11.19,0.0
11.01,0.0
10.86,99.15
12.62,270.3
15.59,438.55
17.58,578.45
19.29,673.9
20.72,716.55
21.84,703.2
22.67,634.65
22.86,517.9
23.16,364.0
23.1,191.6
22.09,15.85
20.32,0.0
19.23,0.0
18.58,0.0
18.2,0.0
17.79,0.0
17.51,0.0
17.44,0.0
17.39,0.0
16.9,0.0
16.69,0.0
16.47,0.0
16.16,0.0
15.9,88.75
16.63,251.3
17.95,419.75
19.32,545.1
20.67,641.8
21.83,668.55
22.76,586.85
23.26,499.6
23.68,388.9
23.63,245.05
23.06,133.2
22.09,20.65
21.02,0.0
20.42,0.0
19.93,0.0
19.34,0.0
18.63,0.0
18.1,0.0
17.64,0.0
17.34,0.0
17.56,0.0
17.47,0.0
17.5,0.0
17.58,0.0
17.79,27.7
18.3,56.65
18.88,100.0
19.5,194.6
20.64,199.95
21.62,206.95
22.33,200.85
22.81,327.3
24.82,269.05
25.29,144.8
24.98,83.95
24.43,9.8
23.54,0.0
22.95,0.0
22.36,0.0
21.83,0.0
21.41,0.0
21.2,0.0
20.96,0.0
20.43,0.0
20.93,0.0
21.22,0.0
21.24,0.0
21.26,0.0
21.26,54.6
21.45,200.4
22.44,364.55
23.71,471.15
24.84,497.75
25.66,423.65
26.1,351.95
26.49,317.8
26.65,182.9
26.1,120.75
25.39,55.65
24.75,11.6
24.0,0.0
22.83,0.0
22.18,0.0
21.99,0.0
21.82,0.0
21.76,0.0
21.55,0.0
20.41,0.0
20.24,0.0
19.64,0.0
18.91,0.0
17.69,0.0
17.08,6.15
17.0,14.95
16.72,80.15
16.66,192.3
16.89,308.7
17.57,491.15
18.76,512.65
19.73,395.2
20.31,351.5
20.38,244.15
19.77,113.55
18.89,10.45
18.17,0.0
17.6,0.0
17.35,0.0
16.84,0.0
16.39,0.0
16.22,0.0
16.09,0.0
16.04,0.0
15.14,0.0
14.84,0.0
14.51,0.0
13.96,0.0
13.38,29.8
14.31,240.7
16.13,409.45
17.38,544.35
18.63,612.35
19.82,633.85
20.75,595.8
21.5,492.9
21.43,408.95
21.55,259.05
21.35,123.05
20.42,15.9
18.99,0.0
18.13,0.0
17.52,0.0
17.04,0.0
16.61,0.0
16.19,0.0
15.74,0.0
15.42,0.0
15.06,0.0
14.98,0.0
14.97,0.0
14.62,0.0
14.15,33.85
14.16,216.05
14.63,368.7
15.46,505.65
16.53,655.35
17.62,637.65
18.41,570.8
18.63,358.85
18.37,408.85
18.51,255.3
18.1,115.85
17.42,9.15
16.72,0.0
16.04,0.0
15.46,0.0
14.91,0.0
14.5,0.0
14.01,0.0
13.51,0.0
12.98,0.0
12.5,0.0
12.43,0.0
12.41,0.0
12.61,0.0
12.9,26.45
13.8,178.9
15.29,279.25
16.72,192.85
17.07,235.95
17.47,195.35
17.03,151.55
16.56,133.05
16.86,102.95
17.14,74.9
17.03,58.65
16.97,6.15
16.35,0.0
15.92,0.0
15.46,0.0
15.05,0.0
14.56,0.0
13.98,0.0
13.29,0.0
12.52,0.0
11.45,0.0
10.74,0.0
10.12,0.0
9.64,0.0
9.19,38.45
9.86,220.0
11.24,352.85
12.41,520.15
13.52,553.1
14.28,568.6
14.88,462.3
15.12,270.25
14.66,226.55
14.8,126.05
14.8,56.1
14.55,5.0
14.06,0.0
13.56,0.0
13.14,0.0
12.71,0.0
12.38,0.0
12.02,0.0
11.53,0.0
11.08,0.0
10.63,0.0
10.18,0.0
9.62,0.0
9.58,0.0
9.39,26.05
10.24,98.7
11.35,137.1
12.01,224.75
12.66,330.35
13.35,344.65
13.88,269.3
14.04,112.1
12.58,92.65
12.27,56.65
12.12,31.95
11.97,3.65
11.73,0.0
11.53,0.0
11.3,0.0
10.85,0.0
10.5,0.0
10.28,0.0
10.2,0.0
9.95,0.0
9.08,0.0
8.62,0.0
8.31,0.0
7.99,0.0
7.72,26.3
8.47,214.3
10.07,310.0
11.27,420.8
12.52,497.55
15.63,537.05
15.42,562.75
15.22,462.75
15.01,392.15
14.81,257.95
14.6,111.2
14.4,6.4
14.19,0.0
13.99,0.0
13.79,0.0
13.58,0.0
13.38,0.0
13.17,0.0
12.97,0.0
12.76,0.0
12.56,0.0
12.34,0.0
12.06,0.0
11.83,0.0
11.51,23.55
11.79,127.35
12.75,276.7
14.2,363.75
15.34,399.85
15.98,336.0
16.08,232.6
15.84,296.6
17.4,261.0
17.45,127.2
16.89,71.85
16.25,4.55
15.42,0.0
14.87,0.0
14.41,0.0
13.71,0.0
13.28,0.0
12.89,0.0
12.66,0.0
12.47,0.0
12.56,0.0
12.61,0.0
12.6,0.0
12.59,0.0
12.37,7.85
12.4,26.05
12.67,40.95
12.99,55.65
13.35,61.35
13.56,107.3
13.94,96.75
13.94,48.65
14.58,35.45
14.54,34.45
14.58,18.55
14.44,1.55
13.99,0.0
13.71,0.0
13.59,0.0
13.44,0.0
13.11,0.0
12.93,0.0
12.87,0.0
12.49,0.0
12.6,0.0
12.66,0.0
12.66,0.0
12.68,0.0
12.7,8.35
12.77,37.5
13.08,42.55
13.25,91.5
13.65,169.55
14.37,280.05
15.44,241.95
16.04,287.9
17.46,231.85
17.39,134.25
17.01,66.35
16.41,3.35
15.48,0.0
14.48,0.0
13.61,0.0
12.81,0.0
12.24,0.0
11.49,0.0
10.9,0.0
10.84,0.0
9.91,0.0
9.64,0.0
9.34,0.0
9.27,0.0
9.21,0.0
9.5,126.2
10.41,230.6
11.7,274.4
12.81,338.2
14.0,403.8
15.12,374.1
15.77,541.0
17.49,450.95
17.74,294.7
17.55,117.45
16.82,3.85
15.25,0.0
13.65,0.0
13.85,0.0
12.66,0.0
11.47,0.0
11.42,0.0
11.53,0.0
11.44,0.0
10.32,0.0
9.92,0.0
9.91,0.0
9.61,0.0
9.34,0.0
9.73,160.65
11.69,294.75
13.88,414.1
15.92,563.3
17.66,540.45
18.56,499.65
18.98,524.4
18.6,403.95
18.65,263.55
18.39,39.8
17.75,3.5
15.99,0.0
14.0,0.0
12.92,0.0
12.41,0.0
11.67,0.0
11.21,0.0
10.8,0.0
10.76,0.0
10.78,0.0
10.69,0.0
10.52,0.0
10.85,0.0
10.77,0.0
10.71,193.7
13.7,360.65
15.83,493.55
17.7,588.1
19.25,626.55
20.5,611.15
21.43,543.7
21.66,419.35
21.84,264.65
21.51,36.4
20.37,2.9
18.52,0.0
16.87,0.0
15.52,0.0
14.46,0.0
13.64,0.0
13.49,0.0
14.17,0.0
14.36,0.0
13.49,0.0
12.13,0.0
11.86,0.0
10.93,0.0
10.69,0.0
10.9,172.85
13.51,326.2
15.93,477.15
18.28,579.9
20.17,618.7
21.5,602.85
22.39,532.9
22.69,415.45
22.73,262.25
22.02,34.5
20.33,2.4
18.58,0.0
17.61,0.0
16.98,0.0
16.53,0.0
16.1,0.0
15.78,0.0
15.74,0.0
15.55,0.0
15.9,0.0
15.97,0.0
16.05,0.0
15.68,0.0
15.18,0.0
14.99,19.75
14.62,60.2
14.99,76.15
15.33,124.15
16.0,192.6
16.89,159.5
17.36,32.05
16.09,20.5
15.97,17.35
15.85,15.25
15.7,1.0
15.39,0.0
14.92,0.0
14.13,0.0
13.31,0.0
12.67,0.0
12.44,0.0
12.33,0.0
12.21,0.0
11.37,0.0
10.91,0.0
10.53,0.0
10.1,0.0
9.85,0.0
9.69,117.0
10.13,234.5
10.73,373.0
11.56,442.5
12.38,427.95
12.93,326.9
13.05,188.1
12.26,115.25
12.14,65.8
11.84,20.4
11.51,0.55
11.19,0.0
10.83,0.0
10.43,0.0
9.99,0.0
9.67,0.0
9.23,0.0
8.8,0.0
8.43,0.0
7.14,0.0
6.72,0.0
6.33,0.0
5.94,0.0
5.59,0.0
5.66,194.6
6.57,358.05
7.62,497.75
8.74,548.95
9.63,554.8
10.4,582.9
11.26,507.85
11.39,403.6
11.8,253.55
11.85,30.9
11.05,1.2
9.96,0.0
9.2,0.0
8.57,0.0
8.07,0.0
7.62,0.0
7.23,0.0
6.85,0.0
6.51,0.0
5.87,0.0
5.66,0.0
5.51,0.0
5.32,0.0
5.11,0.0
5.47,184.65
8.0,345.65
10.07,479.95
11.78,570.45
13.18,608.3
14.26,590.0
15.1,518.0
15.42,397.05
15.65,242.3
15.27,28.65
14.09,0.9
12.62,0.0
11.55,0.0
10.67,0.0
10.01,0.0
9.78,0.0
9.14,0.0
9.06,0.0
9.27,0.0
9.67,0.0
9.78,0.0
9.67,0.0
9.28,0.0
8.95,0.0
9.41,141.15
11.13,300.25
13.29,423.8
14.86,510.3
16.14,532.05
17.0,464.3
17.52,502.9
18.99,387.75
19.03,234.9
18.19,27.6
16.6,0.55
15.49,0.0
14.95,0.0
14.5,0.0
13.96,0.0
13.48,0.0
13.06,0.0
12.73,0.0
12.4,0.0
12.22,0.0
11.91,0.0
11.66,0.0
11.49,0.0
11.56,0.0
11.94,87.9
12.9,166.6
13.74,209.15
14.01,92.0
14.06,22.45
13.96,36.6
13.88,33.15
12.68,111.25
11.31,112.2
10.46,21.95
9.75,0.25
9.22,0.0
8.8,0.0
8.38,0.0
7.99,0.0
7.4,0.0
7.0,0.0
6.57,0.0
6.22,0.0
5.07,0.0
5.04,0.0
4.6,0.0
4.13,0.0
3.71,0.0
3.77,179.15
5.36,345.2
6.72,480.6
7.7,575.0
8.52,612.3
9.3,578.0
9.86,409.95
9.97,285.6
10.13,187.1
10.15,32.95
9.8,0.2
8.45,0.0
7.53,0.0
7.04,0.0
6.85,0.0
6.76,0.0
6.62,0.0
6.35,0.0
5.88,0.0
5.34,0.0
5.03,0.0
4.85,0.0
4.84,0.0
4.79,0.0
5.39,128.6
7.24,259.35
9.11,357.55
10.56,518.15
12.16,571.9
13.37,558.65
14.25,486.1
14.64,370.2
14.8,217.75
14.27,24.0
12.92,0.05
11.95,0.0
11.47,0.0
11.05,0.0
10.77,0.0
10.32,0.0
9.99,0.0
9.89,0.0
10.03,0.0
10.38,0.0
10.63,0.0
11.01,0.0
11.02,0.0
11.31,0.0
11.63,80.3
12.5,135.5
13.58,145.4
14.82,104.3
15.52,85.05
15.98,74.2
16.23,66.25
16.75,43.85
16.71,27.8
16.71,7.55
16.71,0.0
16.71,0.0
16.62,0.0
16.55,0.0
16.45,0.0
16.24,0.0
15.56,0.0
14.94,0.0
14.23,0.0
13.77,0.0
12.8,0.0
11.5,0.0
10.23,0.0
8.95,0.0
8.39,166.75
9.23,319.4
10.08,430.75
10.8,534.15
11.63,555.85
12.29,564.25
12.9,444.9
13.36,283.1
13.24,149.4
12.92,30.5
12.05,0.0
11.35,0.0
10.71,0.0
9.67,0.0
9.48,0.0
9.58,0.0
9.67,0.0
9.13,0.0
9.1,0.0
10.02,0.0
10.38,0.0
10.82,0.0
11.35,0.0
11.68,0.0
12.5,44.35
13.78,139.25
15.82,294.1
17.98,375.05
19.82,425.9
21.37,426.85
22.63,305.1
22.85,163.75
22.85,102.05
22.43,12.2
21.86,0.0
20.47,0.0
19.85,0.0
19.53,0.0
19.03,0.0
18.59,0.0
18.05,0.0
17.0,0.0
15.68,0.0
13.42,0.0
12.23,0.0
11.37,0.0
10.84,0.0
10.71,0.0
10.96,104.5
11.94,187.05
12.58,324.7
13.29,418.6
14.21,502.3
15.11,485.5
15.77,371.4
16.23,305.45
16.15,193.55
15.53,18.9
14.2,0.0
12.89,0.0
11.56,0.0
10.23,0.0
9.42,0.0
9.93,0.0
9.7,0.0
8.01,0.0
7.38,0.0
7.54,0.0
7.73,0.0
7.94,0.0
8.25,0.0
8.68,0.0
9.27,39.35
10.4,59.7
11.47,103.3
12.61,183.4
14.0,187.75
14.67,93.55
14.05,79.35
12.76,55.85
12.43,23.1
11.97,4.8
11.53,0.0
11.27,0.0
11.13,0.0
10.89,0.0
10.67,0.0
10.47,0.0
10.21,0.0
9.96,0.0
9.77,0.0
9.83,0.0
9.77,0.0
9.66,0.0
9.61,0.0
9.53,0.0
9.5,3.65
9.41,7.2
9.31,16.05
9.26,27.2
9.3,60.65
9.49,44.3
9.37,42.55
9.54,24.3
9.59,13.2
9.56,3.25
9.42,0.0
9.3,0.0
9.18,0.0
8.86,0.0
8.72,0.0
8.59,0.0
8.47,0.0
8.42,0.0
8.48,0.0
8.14,0.0
8.12,0.0
8.12,0.0
8.1,0.0
8.09,0.0
8.07,6.7
8.07,18.75
8.09,26.25
8.05,27.8
8.01,41.95
8.01,37.5
7.88,26.0
7.6,16.5
7.37,12.85
7.07,2.55
6.57,0.0
6.15,0.0
5.88,0.0
5.67,0.0
5.31,0.0
4.92,0.0
4.61,0.0
4.34,0.0
4.1,0.0
3.46,0.0
3.57,0.0
3.79,0.0
4.01,0.0
4.19,0.0
4.5,34.8
4.76,43.45
5.04,150.75
5.93,253.0
6.85,334.75
7.66,384.95
8.59,381.6
9.29,287.6
9.66,160.65
9.55,14.7
9.18,0.0
8.87,0.0
8.49,0.0
8.15,0.0
7.89,0.0
7.64,0.0
7.47,0.0
7.3,0.0
7.3,0.0
6.4,0.0
6.29,0.0
6.22,0.0
5.96,0.0
5.93,0.0
5.84,69.35
6.05,171.4
6.47,207.55
6.76,268.35
7.14,308.15
7.28,288.4
7.53,256.4
7.37,193.85
7.23,80.4
6.91,16.35
6.55,0.0
6.2,0.0
5.68,0.0
5.29,0.0
4.76,0.0
4.53,0.0
4.32,0.0
4.05,0.0
3.74,0.0
3.49,0.0
3.43,0.0
3.35,0.0
3.28,0.0
3.23,0.0
3.06,91.85
3.55,194.65
4.24,328.95
5.45,296.8
6.26,343.8
6.88,318.65
7.11,254.5
6.89,209.35
6.83,110.4
6.56,15.8
6.02,0.0
5.47,0.0
4.94,0.0
4.37,0.0
3.94,0.0
3.41,0.0
2.93,0.0
2.41,0.0
2.02,0.0
1.38,0.0
1.25,0.0
1.03,0.0
0.97,0.0
0.79,0.0
0.93,89.8
1.76,215.65
2.81,320.25
3.59,341.0
4.28,323.85
4.86,250.2
5.1,152.45
4.2,164.1
4.17,84.8
3.95,12.95
3.66,0.0
3.32,0.0
2.97,0.0
2.58,0.0
1.93,0.0
1.21,0.0
0.33,0.0
-0.47,0.0
-0.87,0.0
-1.06,0.0
-1.15,0.0
-1.12,0.0
-1.12,0.0
-1.06,0.0
-0.82,78.65
0.3,204.25
1.89,290.85
3.23,383.25
4.64,405.2
5.85,310.0
6.49,186.2
6.68,85.15
6.66,52.75
6.4,6.15
5.66,0.0
4.65,0.0
3.64,0.0
3.12,0.0
3.19,0.0
3.47,0.0
3.74,0.0
3.93,0.0
3.98,0.0
4.44,0.0
4.52,0.0
4.57,0.0
4.64,0.0
4.65,0.0
4.61,29.45
4.76,89.5
5.31,108.75
5.82,102.6
6.14,91.2
6.35,112.4
6.66,108.8
6.76,60.55
6.65,39.55
6.46,4.5
6.13,0.0
5.94,0.0
5.78,0.0
5.59,0.0
5.51,0.0
5.42,0.0
5.25,0.0
5.12,0.0
4.88,0.0
4.6,0.0
4.41,0.0
4.39,0.0
4.27,0.0
4.06,0.0
4.18,19.35
4.62,22.55
4.93,31.2
5.28,37.75
5.67,50.45
6.08,74.8
6.68,37.95
6.71,22.25
6.91,11.7
7.17,2.8
7.62,0.0
8.07,0.0
8.62,0.0
9.04,0.0
8.87,0.0
8.39,0.0
7.69,0.0
7.0,0.0
6.46,0.0
5.86,0.0
5.53,0.0
5.16,0.0
4.93,0.0
4.76,0.0
4.67,50.4
4.94,101.95
5.32,149.85
5.6,137.3
5.73,180.75
6.15,151.4
6.28,127.8
6.68,74.55
6.7,30.1
6.66,5.9
6.44,0.0
6.11,0.0
5.69,0.0
5.52,0.0
5.35,0.0
5.24,0.0
5.08,0.0
4.94,0.0
4.61,0.0
4.51,0.0
4.43,0.0
4.27,0.0
4.18,0.0
4.01,0.0
3.83,63.1
4.02,178.65
4.47,268.7
4.99,327.95
6.68,254.85
6.25,301.05
5.82,228.3
5.4,144.85
4.97,86.4
4.54,8.05
4.11,0.0
3.68,0.0
3.26,0.0
2.83,0.0
2.4,0.0
1.97,0.0
1.55,0.0
1.12,0.0
0.69,0.0
0.26,0.0
-0.1,0.0
-0.18,0.0
-0.32,0.0
-0.4,0.0
-0.26,37.5
1.35,243.4
3.57,371.2
5.35,444.4
7.0,465.25
8.38,416.25
9.44,298.7
9.83,132.05
9.63,28.3
9.22,9.1
8.89,0.0
8.31,0.0
7.82,0.0
7.68,0.0
7.71,0.0
7.72,0.0
7.97,0.0
8.16,0.0
8.28,0.0
8.22,0.0
8.38,0.0
8.61,0.0
8.84,0.0
9.0,0.0
9.22,21.95
9.7,67.75
10.63,89.4
11.33,148.3
12.25,156.8
12.88,142.45
13.26,220.55
14.45,124.45
14.27,68.05
13.78,7.15
12.71,0.0
11.83,0.0
11.03,0.0
10.47,0.0
9.62,0.0
9.31,0.0
8.9,0.0
8.64,0.0
8.4,0.0
8.26,0.0
8.25,0.0
8.17,0.0
7.95,0.0
7.66,0.0
7.48,19.2
7.57,38.45
7.88,44.35
8.17,60.0
8.38,62.55
8.68,121.75
9.28,40.45
8.52,31.4
8.44,16.5
8.36,2.9
8.2,0.0
8.08,0.0
7.95,0.0
7.79,0.0
7.67,0.0
7.51,0.0
7.29,0.0
7.04,0.0
6.64,0.0
5.91,0.0
5.22,0.0
4.48,0.0
3.85,0.0
3.2,0.0
2.63,32.7
2.66,220.15
3.22,300.2
3.87,336.8
4.44,376.2
5.04,371.45
5.64,299.15
5.41,202.8
5.54,60.95
5.18,6.8
4.29,0.0
3.5,0.0
2.91,0.0
2.42,0.0
1.99,0.0
1.63,0.0
1.42,0.0
1.51,0.0
1.73,0.0
1.67,0.0
1.91,0.0
2.38,0.0
2.69,0.0
3.36,0.0
4.01,19.8
4.55,100.55
5.46,181.85
6.56,259.2
7.84,263.8
8.56,169.2
8.83,89.65
8.74,52.6
8.5,25.75
8.17,2.6
7.75,0.0
7.54,0.0
7.25,0.0
6.89,0.0
6.69,0.0
6.46,0.0
5.98,0.0
5.74,0.0
5.94,0.0
5.55,0.0
5.09,0.0
4.47,0.0
3.89,0.0
3.45,0.0
3.03,31.75
3.34,208.4
4.38,352.25
5.58,403.2
6.49,341.75
7.08,251.15
7.36,184.55
7.79,124.15
7.53,40.75
6.94,5.55
5.99,0.0
5.0,0.0
4.23,0.0
3.29,0.0
2.04,0.0
1.14,0.0
0.88,0.0
1.22,0.0
1.44,0.0
1.51,0.0
1.28,0.0
1.1,0.0
0.93,0.0
-0.08,0.0
-1.03,31.05
-0.21,213.45
2.74,339.2
4.68,430.2
6.19,462.5
7.24,440.95
7.99,370.45
8.72,254.1
8.64,38.05
7.66,5.05
6.37,0.0
5.44,0.0
4.71,0.0
4.14,0.0
3.64,0.0
3.25,0.0
2.94,0.0
2.7,0.0
2.51,0.0
2.65,0.0
2.42,0.0
2.19,0.0
1.87,0.0
1.5,0.0
1.15,28.35
2.41,217.55
5.75,341.95
7.84,425.75
9.75,459.45
11.32,439.7
12.48,364.15
13.52,241.5
13.37,46.7
11.97,5.5
10.13,0.0
8.86,0.0
8.12,0.0
8.06,0.0
7.9,0.0
7.83,0.0
7.71,0.0
7.62,0.0
7.47,0.0
7.91,0.0
7.64,0.0
7.4,0.0
7.65,0.0
7.37,0.0
6.55,8.5
5.9,62.3
5.82,109.5
5.98,163.4
6.29,203.4
6.62,158.45
6.61,127.35
7.25,95.95
6.96,33.8
6.34,2.95
5.51,0.0
5.07,0.0
4.53,0.0
4.0,0.0
3.33,0.0
2.81,0.0
2.36,0.0
2.19,0.0
1.62,0.0
0.63,0.0
0.41,0.0
0.4,0.0
0.21,0.0
0.13,0.0
0.18,41.45
0.99,159.75
2.36,231.15
3.77,288.95
5.36,315.3
6.83,292.4
8.12,223.55
8.73,111.3
8.91,56.4
8.98,4.25
8.91,0.0
9.0,0.0
9.09,0.0
9.19,0.0
9.22,0.0
9.3,0.0
9.43,0.0
9.61,0.0
9.71,0.0
10.38,0.0
9.43,0.0
8.72,0.0
7.32,0.0
5.61,0.0
4.48,24.95
4.24,173.2
4.35,205.65
4.62,330.0
5.3,383.95
5.73,324.45
5.74,296.85
5.09,212.55
4.86,42.2
4.37,3.05
4.01,0.0
3.55,0.0
2.97,0.0
2.31,0.0
1.66,0.0
1.13,0.0
0.7,0.0
0.29,0.0
-0.07,0.0
-0.48,0.0
-0.58,0.0
-0.72,0.0
-0.74,0.0
-0.71,0.0
-0.62,23.95
0.16,199.0
1.32,325.65
2.31,398.9
3.07,405.3
3.65,351.45
4.08,296.2
4.0,192.25
4.15,49.75
3.92,3.55
3.63,0.0
3.84,0.0
4.31,0.0
4.71,0.0
5.01,0.0
5.15,0.0
5.19,0.0
5.31,0.0
5.34,0.0
5.66,0.0
5.8,0.0
5.72,0.0
5.43,0.0
5.21,0.0
5.05,22.75
5.5,183.25
6.8,305.4
8.04,387.75
9.1,421.8
9.92,405.45
10.52,294.8
10.71,218.2
10.47,34.6
9.55,2.85
8.47,0.0
7.79,0.0
7.23,0.0
6.73,0.0
6.46,0.0
6.37,0.0
6.38,0.0
6.39,0.0
6.34,0.0
6.61,0.0
6.7,0.0
6.72,0.0
6.7,0.0
6.61,0.0
6.42,26.8
6.82,181.75
8.08,298.0
9.3,387.15
10.31,419.5
11.09,402.45
11.66,335.85
11.84,224.35
11.62,32.5
10.55,2.6
8.71,0.0
8.25,0.0
7.06,0.0
4.78,0.0
4.47,0.0
4.25,0.0
4.65,0.0
5.5,0.0
5.03,0.0
2.46,0.0
2.4,0.0
2.5,0.0
2.68,0.0
2.87,0.0
3.01,29.8
3.59,139.9
5.32,252.05
7.05,341.2
8.69,388.6
10.03,363.1
10.95,340.3
11.48,231.35
11.26,45.35
9.83,2.7
8.44,0.0
7.69,0.0
7.15,0.0
6.85,0.0
6.77,0.0
6.65,0.0
6.54,0.0
6.11,0.0
5.87,0.0
6.26,0.0
6.27,0.0
6.27,0.0
6.31,0.0
6.34,0.0
6.34,0.0
6.42,62.25
6.99,85.55
7.36,85.9
7.51,65.2
7.47,73.15
7.51,29.15
7.02,18.5
6.89,11.65
6.85,0.25
6.83,0.0
6.9,0.0
6.85,0.0
6.65,0.0
6.3,0.0
5.78,0.0
5.33,0.0
5.02,0.0
4.89,0.0
5.36,0.0
5.21,0.0
5.02,0.0
4.79,0.0
4.67,0.0
4.73,0.0
5.02,101.5
5.81,175.95
6.78,212.9
7.49,215.9
8.08,184.85
8.55,178.15
9.67,100.05
9.55,30.8
9.14,1.45
7.99,0.0
7.45,0.0
6.69,0.0
5.7,0.0
5.11,0.0
4.9,0.0
4.62,0.0
4.96,0.0
4.7,0.0
4.42,0.0
4.25,0.0
4.08,0.0
3.88,0.0
2.96,0.0
1.88,0.0
2.56,116.8
3.91,209.2
5.41,302.9
7.08,349.1
8.46,349.7
9.28,280.05
8.5,196.05
8.5,35.1
7.58,1.6
6.37,0.0
5.45,0.0
4.76,0.0
4.21,0.0
3.75,0.0
3.36,0.0
3.08,0.0
2.82,0.0
2.58,0.0
2.03,0.0
1.92,0.0
1.85,0.0
1.76,0.0
1.75,0.0
1.91,0.0
2.77,167.25
5.59,288.1
8.53,370.25
11.04,401.3
12.9,385.9
14.12,320.05
13.86,208.05
13.32,28.7
11.79,1.45
10.16,0.0
9.15,0.0
8.42,0.0
7.62,0.0
6.86,0.0
6.73,0.0
6.68,0.0
6.93,0.0
6.85,0.0
5.98,0.0
5.54,0.0
5.19,0.0
4.87,0.0
4.59,0.0
4.38,0.0
4.26,19.95
4.27,38.0
4.33,19.25
4.38,16.45
4.49,29.65
4.68,29.65
3.6,12.4
3.01,8.5
2.58,0.3
2.09,0.0
1.68,0.0
1.33,0.0
1.27,0.0
1.38,0.0
1.45,0.0
1.51,0.0
1.41,0.0
1.23,0.0
-0.2,0.0
-0.5,0.0
-0.64,0.0
-0.64,0.0
-0.71,0.0
-0.92,0.0
-0.99,38.1
-0.92,68.7
-0.77,98.6
-0.71,115.1
-0.7,89.25
-0.68,83.35
-1.01,51.45
-0.99,24.45
-1.02,0.8
-1.06,0.0
-1.15,0.0
-1.3,0.0
-1.37,0.0
-1.43,0.0
-1.51,0.0
-1.53,0.0
-1.47,0.0
-1.37,0.0
-2.1,0.0
-2.1,0.0
-2.04,0.0
-2.11,0.0
-2.19,0.0
-2.25,0.0
-2.19,97.7
-1.83,179.0
-1.2,236.05
-0.58,294.1
0.06,333.4
0.46,212.85
-0.22,129.55
-0.33,28.45
-0.73,0.8
-1.05,0.0
-1.17,0.0
-1.37,0.0
-1.59,0.0
-1.72,0.0
-1.76,0.0
-1.89,0.0
-1.87,0.0
-2.03,0.0
-2.42,0.0
-2.55,0.0
-2.7,0.0
-2.74,0.0
-2.89,0.0
-2.99,0.0
-3.0,150.65
-2.37,256.9
-1.47,337.7
-0.59,327.8
0.12,295.15
0.59,247.3
1.4,143.95
1.31,29.8
0.76,0.9
-0.23,0.0
-0.86,0.0
-1.19,0.0
-1.52,0.0
-2.12,0.0
-0.85,0.0
-0.54,0.0
-0.76,0.0
-0.96,0.0
-2.8,0.0
-3.44,0.0
-3.79,0.0
-4.21,0.0
-3.68,0.0
-3.17,0.0
-2.6,48.65
-1.89,77.4
-1.21,104.3
-0.63,104.3
-0.25,87.35
-0.01,58.05
0.0,42.3
0.0,20.75
0.0,0.4
-0.15,0.0
-0.14,0.0
-0.12,0.0
-0.06,0.0
0.0,0.0
0.1,0.0
0.19,0.0
0.26,0.0
0.27,0.0
0.12,0.0
0.12,0.0
0.2,0.0
0.19,0.0
0.34,0.0
0.41,0.0
0.65,24.55
0.9,37.6
1.07,56.8
1.32,71.95
1.42,66.95
1.44,52.8
1.0,32.4
0.94,12.4
0.79,0.15
0.59,0.0
0.5,0.0
0.45,0.0
0.4,0.0
0.51,0.0
0.64,0.0
0.74,0.0
1.06,0.0
1.14,0.0
0.62,0.0
0.6,0.0
0.62,0.0
0.62,0.0
0.71,0.0
0.77,0.0
0.85,22.25
0.96,48.4
1.03,73.9
1.39,110.1
1.91,125.6
2.51,112.35
2.78,87.15
2.82,23.15
2.4,0.25
2.03,0.0
1.65,0.0
1.4,0.0
1.27,0.0
1.06,0.0
0.73,0.0
0.68,0.0
0.44,0.0
0.24,0.0
-0.11,0.0
-0.27,0.0
-0.31,0.0
-0.37,0.0
-0.4,0.0
-0.44,0.0
-0.42,57.5
-0.29,130.65
0.07,182.05
0.6,220.85
1.22,212.4
1.64,179.15
2.04,92.55
1.79,33.8
1.31,0.45
0.62,0.0
-0.16,0.0
-0.66,0.0
-1.03,0.0
-1.35,0.0
-1.64,0.0
-1.93,0.0
-2.51,0.0
-2.9,0.0
-3.64,0.0
-4.29,0.0
-4.69,0.0
-4.88,0.0
-5.76,0.0
-6.09,0.0
-4.46,50.1
-3.89,259.15
-2.43,326.6
-0.04,333.05
0.47,300.4
0.81,229.0
0.24,160.05
0.34,31.15
-0.5,0.45
-1.44,0.0
-2.11,0.0
-3.58,0.0
-4.05,0.0
-4.63,0.0
-5.98,0.0
-6.09,0.0
-5.88,0.0
-6.13,0.0
-4.79,0.0
-3.27,0.0
-2.29,0.0
-1.34,0.0
-0.73,0.0
-0.16,0.0
0.41,25.1
1.31,58.55
2.59,33.55
3.16,24.3
2.97,34.5
3.16,31.05
3.73,28.75
4.0,12.6
3.92,0.05
3.87,0.0
3.63,0.0
3.92,0.0
3.66,0.0
3.4,0.0
3.15,0.0
2.91,0.0
2.57,0.0
2.31,0.0
1.81,0.0
1.72,0.0
1.52,0.0
1.42,0.0
1.34,0.0
1.37,0.0
1.53,30.45
2.0,85.55
3.0,93.55
5.91,117.0
5.46,129.15
5.01,115.7
4.56,88.6
4.11,22.25
3.67,0.2
3.22,0.0
2.77,0.0
2.32,0.0
1.87,0.0
1.42,0.0
0.97,0.0
0.52,0.0
0.07,0.0
-0.37,0.0
-0.82,0.0
0.3,0.0
0.6,0.0
0.84,0.0
1.22,0.0
1.56,0.0
1.91,20.55
2.55,52.45
3.59,96.85
4.91,236.55
6.06,258.95
6.39,200.0
6.09,143.4
5.3,26.45
4.3,0.3
3.67,0.0
2.95,0.0
2.08,0.0
1.9,0.0
1.64,0.0
1.6,0.0
1.5,0.0
1.58,0.0
1.71,0.0
1.71,0.0
1.94,0.0
2.0,0.0
1.78,0.0
1.54,0.0
1.07,0.0
0.85,45.1
1.11,192.25
1.48,264.7
1.77,296.6
1.96,258.95
1.96,185.7
2.15,87.35
1.64,19.4
0.94,0.15
0.29,0.0
-0.16,0.0
-0.54,0.0
-0.73,0.0
-1.11,0.0
-2.36,0.0
-3.71,0.0
-4.66,0.0
-4.83,0.0
-4.01,0.0
-3.02,0.0
-1.97,0.0
-1.14,0.0
-0.57,0.0
-0.51,0.0
-0.32,55.1
0.14,180.1
0.82,254.75
1.46,248.9
2.09,191.75
2.26,172.8
2.44,155.1
2.38,24.8
1.46,0.25
0.3,0.0
-0.4,0.0
-0.11,0.0
0.39,0.0
0.53,0.0
0.71,0.0
1.01,0.0
1.1,0.0
1.52,0.0
2.06,0.0
2.09,0.0
2.17,0.0
2.36,0.0
2.44,0.0
2.48,0.0
2.68,14.8
3.11,41.65
3.93,87.35
4.79,83.25
5.05,66.3
4.63,120.8
4.37,111.05
3.7,21.45
2.8,0.2
1.49,0.0
0.49,0.0
-0.06,0.0
-0.61,0.0
-1.22,0.0
-1.95,0.0
-2.52,0.0
-3.38,0.0
-3.94,0.0
-5.09,0.0
-5.48,0.0
-5.85,0.0
-6.05,0.0
-6.37,0.0
-6.85,0.0
-7.38,42.35
-6.65,216.1
-5.38,301.25
-3.95,359.2
-3.16,344.85
-2.61,214.2
-1.7,138.85
-1.62,26.7
-2.06,0.25
-3.2,0.0
-4.36,0.0
-4.67,0.0
-4.8,0.0
-4.84,0.0
-4.73,0.0
-4.61,0.0
-4.61,0.0
-4.65,0.0
-4.92,0.0
-5.16,0.0
-5.42,0.0
-5.59,0.0
-5.61,0.0
-5.42,0.0
-4.96,66.8
-3.65,166.0
-2.27,230.35
-1.3,276.1
-0.53,232.65
-0.18,168.5
-0.3,85.05
-0.54,30.6
-1.1,0.15
-1.8,0.0
-2.11,0.0
-2.38,0.0
-2.49,0.0
-2.46,0.0
-2.49,0.0
-2.54,0.0
-2.53,0.0
-2.45,0.0
-2.44,0.0
-2.45,0.0
-2.44,0.0
-3.16,0.0
-3.36,0.0
-3.7,0.0
-3.87,57.65
-2.91,134.85
-1.62,216.55
-0.52,186.55
-0.36,181.2
-0.07,141.85
-0.61,94.55
-1.05,29.1
-1.8,0.1
-3.03,0.0
-6.03,0.0
-8.6,0.0
-10.46,0.0
-11.88,0.0
-13.11,0.0
-14.1,0.0
-14.91,0.0
-15.49,0.0
-16.99,0.0
-17.27,0.0
-17.5,0.0
-17.62,0.0
-17.69,0.0
-17.66,0.0
-17.49,46.45
-16.71,235.35
-15.59,328.55
-14.34,370.8
-13.23,363.95
-12.28,299.95
-12.47,191.7
-12.37,22.8
-12.62,0.2
-13.29,0.0
-13.87,0.0
-13.08,0.0
-12.27,0.0
-12.34,0.0
-12.42,0.0
-12.02,0.0
-11.76,0.0
-12.43,0.0
-14.35,0.0
-14.42,0.0
-12.73,0.0
-11.05,0.0
-9.8,0.0
-8.64,0.0
-7.67,25.15
-6.63,42.5
-5.64,60.45
-4.62,87.55
-3.48,177.7
-2.0,62.8
-2.83,34.1
-2.64,8.15
-2.59,0.05
-2.62,0.0
-2.4,0.0
-2.13,0.0
-1.9,0.0
-1.58,0.0
-1.45,0.0
-1.41,0.0
-1.55,0.0
-1.71,0.0
-2.4,0.0
-2.58,0.0
-2.72,0.0
-2.91,0.0
-3.01,0.0
-2.95,0.0
-2.83,17.4
-2.66,44.35
-2.64,79.45
-2.8,104.7
-3.06,154.9
-3.23,173.0
-3.71,142.9
-3.95,33.85
-5.01,0.2
-6.78,0.0
-8.65,0.0
-10.39,0.0
-11.31,0.0
-12.19,0.0
-13.03,0.0
-13.88,0.0
-14.96,0.0
-15.89,0.0
-16.44,0.0
-16.96,0.0
-17.33,0.0
-18.02,0.0
-18.63,0.0
-19.18,0.0
-19.58,58.1
-19.11,237.65
-17.6,329.0
-15.98,359.85
-14.7,319.6
-13.73,257.9
-12.55,139.2
-12.22,41.9
-12.19,0.15
-12.07,0.0
-11.69,0.0
-11.38,0.0
-11.03,0.0
-10.65,0.0
-10.3,0.0
-9.9,0.0
-9.62,0.0
-9.25,0.0
-8.9,0.0
-8.46,0.0
-8.1,0.0
-7.78,0.0
-7.54,0.0
-7.32,0.0
-7.12,23.75
-6.72,46.85
-6.27,58.45
-5.68,42.0
-5.4,125.25
-4.86,124.45
-4.34,71.25
-4.35,24.2
-4.47,0.1
-4.79,0.0
-5.44,0.0
-6.18,0.0
-6.77,0.0
-7.63,0.0
-8.61,0.0
-9.76,0.0
-11.03,0.0
-12.17,0.0
-13.64,0.0
-14.94,0.0
-16.09,0.0
-17.1,0.0
-18.0,0.0
-18.81,0.0
-19.55,44.7
-19.53,244.65
-18.88,338.55
-17.89,386.1
-16.92,375.2
-16.1,308.1
-15.56,197.6
-16.28,25.2
-15.56,0.25
-16.99,0.0
-18.08,0.0
-19.19,0.0
-19.66,0.0
-19.8,0.0
-18.96,0.0
-17.87,0.0
-16.43,0.0
-15.46,0.0
-15.22,0.0
-14.86,0.0
-13.88,0.0
-12.41,0.0
-11.02,0.0
-9.34,0.0
-7.4,30.9
-5.53,83.7
-4.0,130.65
-2.88,195.85
-1.81,160.15
-1.02,148.7
-0.19,80.9
0.39,23.0
0.57,0.05
0.54,0.0
0.63,0.0
0.73,0.0
0.88,0.0
1.04,0.0
1.15,0.0
1.29,0.0
1.5,0.0
1.61,0.0
1.89,0.0
2.22,0.0
2.53,0.0
2.8,0.0
3.09,0.0
3.21,0.0
3.44,21.15
3.93,45.25
4.6,82.05
5.34,67.4
5.83,55.5
6.27,47.7
7.02,32.05
7.82,14.2
8.49,0.05
8.38,0.0
7.23,0.0
5.63,0.0
4.37,0.0
3.05,0.0
1.17,0.0
-0.52,0.0
-1.78,0.0
-2.69,0.0
-3.37,0.0
-4.97,0.0
-6.46,0.0
-7.47,0.0
-8.16,0.0
-8.83,0.0
-9.48,37.1
-9.64,234.6
-9.34,324.5
-8.87,368.25
-8.34,358.0
-7.91,296.85
-6.61,189.45
-7.14,31.15
-8.34,0.25
-6.7,0.0
-6.91,0.0
-8.28,0.0
-9.26,0.0
-9.07,0.0
-9.09,0.0
-9.04,0.0
-8.71,0.0
-8.01,0.0
-6.92,0.0
-6.37,0.0
-6.16,0.0
-6.17,0.0
-6.35,0.0
-6.44,0.0
-6.41,16.55
-6.13,44.95
-5.7,53.55
-5.32,61.4
-4.9,86.15
-4.26,121.75
-4.25,81.2
-4.41,26.75
-4.99,0.25
-5.74,0.0
-6.76,0.0
-7.48,0.0
-7.38,0.0
-7.42,0.0
-7.7,0.0
-8.58,0.0
-9.47,0.0
-10.33,0.0
-10.04,0.0
-10.37,0.0
-11.4,0.0
-11.61,0.0
-11.58,0.0
-11.99,0.0
-11.6,38.4
-10.29,186.15
-8.62,290.0
-7.28,356.65
-6.36,356.6
-5.76,298.2
-4.91,169.6
-5.38,30.7
-5.86,0.35
-6.39,0.0
-6.36,0.0
-6.91,0.0
-7.62,0.0
-8.43,0.0
-8.48,0.0
-8.22,0.0
-8.61,0.0
-9.83,0.0
-11.27,0.0
-13.03,0.0
-14.4,0.0
-16.1,0.0
-16.76,0.0
-17.08,0.0
-17.09,66.4
-16.9,168.85
-17.11,222.5
-17.28,231.7
-17.31,221.0
-17.31,126.8
-17.46,69.75
-17.52,23.3
-17.65,0.15
-17.71,0.0
-17.61,0.0
-17.36,0.0
-16.96,0.0
-16.38,0.0
-16.03,0.0
-16.02,0.0
-16.08,0.0
-15.98,0.0
-16.41,0.0
-16.55,0.0
-16.58,0.0
-16.67,0.0
-16.72,0.0
-16.82,0.0
-16.88,55.2
-16.72,157.65
-16.41,268.6
-15.91,337.05
-15.47,334.05
-15.08,286.2
-14.91,185.75
-14.76,32.75
-15.38,0.4
-16.91,0.0
-18.22,0.0
-19.12,0.0
-19.67,0.0
-20.1,0.0
-20.51,0.0
-20.98,0.0
-21.49,0.0
-21.92,0.0
-22.33,0.0
-22.16,0.0
-21.48,0.0
-20.49,0.0
-19.47,0.0
-18.63,0.0
-17.66,46.85
-16.35,104.6
-14.89,124.1
-13.35,97.9
-12.15,62.1
-11.29,54.8
-10.61,39.85
-10.25,17.35
-9.95,0.2
-9.64,0.0
-9.4,0.0
-9.27,0.0
-9.32,0.0
-9.49,0.0
-9.88,0.0
-10.32,0.0
-10.85,0.0
-11.37,0.0
-12.43,0.0
-12.7,0.0
-12.9,0.0
-12.88,0.0
-12.67,0.0
-12.45,0.0
-12.38,47.25
-12.11,139.65
-11.76,238.45
-11.23,285.85
-10.71,273.35
-10.55,242.5
-11.53,158.05
-12.18,40.35
-13.19,0.65
-14.21,0.0
-15.2,0.0
-16.01,0.0
-16.82,0.0
-17.59,0.0
-18.3,0.0
-18.97,0.0
-19.54,0.0
-20.05,0.0
-20.12,0.0
-20.5,0.0
-20.89,0.0
-21.24,0.0
-21.51,0.0
-21.59,0.0
-21.68,37.75
-21.82,226.65
-19.81,316.9
-18.34,337.2
-16.01,308.6
-14.79,211.95
-13.73,137.4
-13.07,42.55
-13.5,0.55
-13.06,0.0
-12.17,0.0
-11.08,0.0
-10.0,0.0
-8.82,0.0
-7.95,0.0
-7.27,0.0
-6.57,0.0
-5.97,0.0
-5.28,0.0
-4.75,0.0
-4.32,0.0
-3.97,0.0
-3.7,0.0
-3.44,0.0
-3.1,29.35
-2.58,76.75
-1.93,126.6
-1.13,139.95
-0.34,111.5
0.2,91.6
-0.13,69.2
0.31,17.45
0.76,0.2
1.29,0.0
1.76,0.0
2.6,0.0
3.28,0.0
4.05,0.0
5.43,0.0
6.9,0.0
7.3,0.0
5.66,0.0
3.47,0.0
2.52,0.0
1.6,0.0
1.05,0.0
0.0,0.0
-0.7,0.0
-1.33,55.35
-1.56,160.05
-1.85,256.95
-2.1,304.35
-2.5,322.3
-2.86,258.4
-2.82,175.85
-3.48,36.55
-4.37,0.85
-5.61,0.0
-6.8,0.0
-8.03,0.0
-9.49,0.0
-10.81,0.0
-11.97,0.0
-13.29,0.0
-13.61,0.0
-13.9,0.0
-15.67,0.0
-17.13,0.0
-17.67,0.0
-18.01,0.0
-18.16,0.0
-19.27,0.0
-19.24,58.2
-17.66,196.55
-16.6,263.6
-14.19,276.35
-11.76,210.9
-10.11,173.65
-9.55,103.0
-9.15,47.95
-9.11,0.8
-8.96,0.0
-8.59,0.0
-8.16,0.0
-7.74,0.0
-7.16,0.0
-6.51,0.0
-5.79,0.0
-4.8,0.0
-3.91,0.0
-3.99,0.0
-3.16,0.0
-2.14,0.0
-1.18,0.0
-0.4,0.0
0.34,0.0
0.83,8.45
1.24,19.3
1.53,30.2
1.82,35.5
2.06,32.2
2.28,42.65
1.99,27.25
2.18,9.05
2.37,0.15
2.63,0.0
2.89,0.0
3.11,0.0
3.25,0.0
3.51,0.0
3.9,0.0
4.37,0.0
4.66,0.0
4.85,0.0
5.34,0.0
5.32,0.0
5.2,0.0
5.08,0.0
5.01,0.0
4.79,0.0
4.94,31.85
5.38,76.8
5.82,68.25
6.11,90.55
6.61,24.7
7.04,33.3
8.82,104.65
6.42,33.35
4.07,1.15
2.86,0.0
2.28,0.0
2.02,0.0
2.35,0.0
2.48,0.0
2.39,0.0
2.15,0.0
1.76,0.0
1.25,0.0
0.39,0.0
-0.08,0.0
-0.77,0.0
-1.16,0.0
-1.59,0.0
-1.95,0.0
-2.55,40.6
-2.69,152.35
-2.75,227.2
-2.5,249.35
-2.2,207.6
-1.86,181.45
-0.67,151.85
-0.86,35.1
-1.61,1.15
-2.47,0.0
-3.55,0.0
-4.37,0.0
-4.38,0.0
-4.28,0.0
-3.98,0.0
-3.09,0.0
-2.22,0.0
-1.65,0.0
-1.13,0.0
-0.88,0.0
-0.47,0.0
-0.03,0.0
0.0,0.0
0.0,0.0
-0.21,35.1
-1.48,104.0
-3.4,193.75
-4.71,252.3
-5.49,238.0
-6.27,232.15
-7.85,156.4
-8.62,40.2
-9.48,1.5
-10.46,0.0
-11.26,0.0
-12.02,0.0
-12.75,0.0
-13.48,0.0
-14.35,0.0
-15.57,0.0
-16.66,0.0
-17.2,0.0
-15.83,0.0
-17.22,0.0
-17.52,0.0
-17.09,0.0
-16.84,0.0
-16.89,0.0
-17.16,49.35
-17.14,122.3
-16.76,191.9
-18.45,224.65
-17.05,285.3
-15.64,272.55
-14.24,188.5
-12.83,39.2
-11.43,1.75
-10.02,0.0
-8.62,0.0